id,name,first_name,last_name,email,gender,ip_address,socialsecurity
1,Grete Bard,Grete,Bard,gbard0@privacy.gov.au,Female,209.151.139.158,859-04-0928
2,Barton Feetham,Barton,Feetham,bfeetham1@nps.gov,Male,97.128.58.137,171-83-6541
3,Giff Deverale,Giff,Deverale,gdeverale2@rediff.com,Male,208.93.166.165,746-05-7190
4,Noak Kunat,Noak,Kunat,nkunat3@gov.uk,Male,55.175.75.150,260-30-8057
5,Alex Tortoise,Alex,Tortoise,atortoise4@addthis.com,Female,135.240.130.149,798-12-2831
6,Theadora Foye,Theadora,Foye,tfoye5@cbsnews.com,Female,215.153.34.201,392-37-2011
7,Julie Deely,Julie,Deely,jdeely6@reverbnation.com,Male,33.61.212.140,239-46-7670
8,Monah Delafoy,Monah,Delafoy,mdelafoy7@imgur.com,Female,106.18.199.22,609-48-6657
9,Shelton Baleine,Shelton,Baleine,sbaleine8@jiathis.com,Male,215.129.72.0,642-02-6182
10,Edi Roffe,Edi,Roffe,eroffe9@nature.com,Female,165.172.198.120,408-69-9526
11,Adler Bradie,Adler,Bradie,abradiea@lycos.com,Male,44.132.142.44,325-89-3517
12,Dean Rabl,Dean,Rabl,drablb@example.com,Male,133.60.230.191,369-52-7664
13,Perl Pattini,Perl,Pattini,ppattinic@goo.ne.jp,Female,172.3.23.29,180-75-5385
14,Brander Salack,Brander,Salack,bsalackd@clickbank.net,Male,202.245.243.216,714-40-4144
15,Kandace Chaplyn,Kandace,Chaplyn,kchaplyne@reddit.com,Female,36.152.159.36,289-18-2788
16,Tannie Shrimpton,Tannie,Shrimpton,tshrimptonf@foxnews.com,Male,21.88.173.190,402-23-9552
17,Addi Carp,Addi,Carp,acarpg@cocolog-nifty.com,Female,13.188.65.39,620-22-0327
18,Samantha McInteer,Samantha,McInteer,smcinteerh@ebay.com,Female,113.121.205.142,271-83-6852
19,Geraldine Amesbury,Geraldine,Amesbury,gamesburyi@studiopress.com,Female,255.135.233.6,699-73-6183
20,Othella MacFarlane,Othella,MacFarlane,omacfarlanej@mozilla.org,Female,218.181.35.156,212-86-9003
21,Wilow Cottey,Wilow,Cottey,wcotteyk@mashable.com,Female,173.193.189.231,275-36-0180
22,Jodie Sheard,Jodie,Sheard,jsheardl@va.gov,Female,211.114.61.24,756-94-3864
23,Dolph Ovell,Dolph,Ovell,dovellm@msn.com,Male,35.221.123.230,799-58-5848
24,Elysha Upstone,Elysha,Upstone,eupstonen@census.gov,Female,173.222.86.116,419-97-4126
25,Matelda Ellsworthe,Matelda,Ellsworthe,mellswortheo@boston.com,Female,39.229.252.170,898-63-1809
26,Cullan Hugo,Cullan,Hugo,chugop@chronoengine.com,Male,207.140.131.71,346-36-0086
27,Mari Rengger,Mari,Rengger,mrenggerq@ycombinator.com,Female,89.80.177.37,606-81-4000
28,Wynne Caseley,Wynne,Caseley,wcaseleyr@rambler.ru,Female,36.90.50.59,330-25-9327
29,Gillian Runciman,Gillian,Runciman,gruncimans@t-online.de,Female,2.58.118.155,184-22-3352
30,Kort Bordiss,Kort,Bordiss,kbordisst@ehow.com,Male,159.105.60.182,787-10-9743
31,Simone Muncer,Simone,Muncer,smunceru@aboutads.info,Male,247.86.60.23,823-04-7157
32,Margalit Le Noir,Margalit,Le Noir,mlev@moonfruit.com,Female,27.63.106.139,407-08-8682
33,Northrop Van Saltsberg,Northrop,Van Saltsberg,nvanw@webmd.com,Male,248.180.19.34,404-76-4076
34,Zora Webberley,Zora,Webberley,zwebberleyx@fotki.com,Female,6.99.250.251,629-97-1710
35,Penrod Bartomieu,Penrod,Bartomieu,pbartomieuy@sogou.com,Male,70.216.146.7,491-08-0745
36,Izzy Woolward,Izzy,Woolward,iwoolwardz@amazon.co.uk,Male,106.89.25.186,588-08-1468
37,Giovanna Wyper,Giovanna,Wyper,gwyper10@statcounter.com,Female,234.142.244.15,786-34-4968
38,Corbie Druce,Corbie,Druce,cdruce11@goo.gl,Male,126.91.189.79,502-01-9186
39,Fabiano Arndell,Fabiano,Arndell,farndell12@sphinn.com,Male,172.124.48.130,253-62-7056
40,Arlen Crosscombe,Arlen,Crosscombe,acrosscombe13@zimbio.com,Female,109.167.171.225,442-09-2295
41,Lanny Schwerin,Lanny,Schwerin,lschwerin14@chronoengine.com,Female,42.70.191.132,584-08-1591
42,Corina Chomicki,Corina,Chomicki,cchomicki15@miitbeian.gov.cn,Female,238.28.29.203,555-85-7103
43,Joana Chessum,Joana,Chessum,jchessum16@tumblr.com,Female,185.52.248.177,406-81-5104
44,Edd Tatlock,Edd,Tatlock,etatlock17@wix.com,Male,139.160.229.85,363-38-0211
45,Aimil Aizikov,Aimil,Aizikov,aaizikov18@hexun.com,Female,43.250.40.223,148-72-4215
46,Jania Cootes,Jania,Cootes,jcootes19@reverbnation.com,Female,130.112.241.71,858-29-0089
47,Kippar Melsome,Kippar,Melsome,kmelsome1a@squidoo.com,Male,172.242.18.148,255-90-5843
48,Aurlie Scarth,Aurlie,Scarth,ascarth1b@weather.com,Female,225.105.16.200,330-91-3411
49,Gabriel Mauvin,Gabriel,Mauvin,gmauvin1c@umn.edu,Female,81.61.21.229,114-15-3732
50,Lind Fulstow,Lind,Fulstow,lfulstow1d@statcounter.com,Female,11.43.165.143,174-65-6964
51,Ros Springett,Ros,Springett,rspringett1e@homestead.com,Female,224.194.15.217,265-27-0965
52,Justis Mighele,Justis,Mighele,jmighele1f@cnn.com,Male,159.163.115.20,686-74-0600
53,Nathanial Mansfield,Nathanial,Mansfield,nmansfield1g@angelfire.com,Male,220.250.16.69,383-26-3307
54,Courtney Dorant,Courtney,Dorant,cdorant1h@hud.gov,Male,141.90.121.51,683-91-9547
55,Bili Swinford,Bili,Swinford,bswinford1i@bbc.co.uk,Female,135.249.107.152,391-46-8210
56,Hall Varian,Hall,Varian,hvarian1j@kickstarter.com,Male,220.45.152.154,549-44-9121
57,Rick Pantling,Rick,Pantling,rpantling1k@earthlink.net,Male,168.166.41.53,281-84-7248
58,Clair Growcott,Clair,Growcott,cgrowcott1l@pcworld.com,Male,78.67.38.229,734-78-5826
59,Hank Loughnan,Hank,Loughnan,hloughnan1m@comcast.net,Male,197.106.71.81,812-50-8272
60,Carma Balchin,Carma,Balchin,cbalchin1n@independent.co.uk,Female,25.71.43.113,308-29-0458
61,Verne Abdee,Verne,Abdee,vabdee1o@nyu.edu,Male,231.87.25.110,715-93-1276
62,Wandie Bingham,Wandie,Bingham,wbingham1p@redcross.org,Female,168.187.172.9,289-43-9008
63,Sly Okroy,Sly,Okroy,sokroy1q@mediafire.com,Male,201.14.177.126,703-15-3791
64,Hurlee Ledwich,Hurlee,Ledwich,hledwich1r@howstuffworks.com,Male,52.176.22.126,190-12-2800
65,Donna Frostick,Donna,Frostick,dfrostick1s@github.io,Female,85.194.174.41,606-78-6632
66,Karim Caulkett,Karim,Caulkett,kcaulkett1t@seattletimes.com,Male,100.94.132.6,716-61-5280
67,Wolfy Kirkbride,Wolfy,Kirkbride,wkirkbride1u@walmart.com,Male,163.168.160.94,690-35-2970
68,Winonah Gleed,Winonah,Gleed,wgleed1v@goo.gl,Female,45.209.167.24,490-68-7394
69,Clerc Noller,Clerc,Noller,cnoller1w@meetup.com,Male,146.127.245.23,193-39-8244
70,Candida Holtum,Candida,Holtum,choltum1x@tinypic.com,Female,225.45.93.255,745-73-2412
71,Bernard Olcot,Bernard,Olcot,bolcot1y@sfgate.com,Male,156.80.122.220,510-76-4862
72,Fernande Devaney,Fernande,Devaney,fdevaney1z@seattletimes.com,Female,24.75.124.110,447-71-1868
73,Winn Wraith,Winn,Wraith,wwraith20@patch.com,Male,87.76.34.116,254-44-1871
74,Abba Goldstone,Abba,Goldstone,agoldstone21@bbc.co.uk,Male,144.220.135.152,832-41-3153
75,Abbey Dilloway,Abbey,Dilloway,adilloway22@nbcnews.com,Male,80.141.166.239,554-58-0550
76,Niles Finneran,Niles,Finneran,nfinneran23@tumblr.com,Male,28.130.112.161,836-96-6878
77,Aline Karel,Aline,Karel,akarel24@sun.com,Female,60.123.230.45,399-18-0862
78,Tessie Bourgour,Tessie,Bourgour,tbourgour25@cisco.com,Female,208.160.92.78,801-95-4522
79,Egor Rosenfelt,Egor,Rosenfelt,erosenfelt26@amazonaws.com,Male,84.99.3.204,761-82-3615
80,Matelda Downie,Matelda,Downie,mdownie27@thetimes.co.uk,Female,12.179.199.55,321-65-7083
81,April Gummow,April,Gummow,agummow28@nih.gov,Female,205.240.223.46,576-64-1468
82,Rosalinde Veevers,Rosalinde,Veevers,rveevers29@yale.edu,Female,232.13.26.58,407-66-0301
83,Cristine De Biasi,Cristine,De Biasi,cde2a@stanford.edu,Female,49.47.39.25,490-80-4717
84,Derrek Nears,Derrek,Nears,dnears2b@freewebs.com,Male,151.227.111.155,187-31-4649
85,Matias Camplin,Matias,Camplin,mcamplin2c@indiegogo.com,Male,45.222.26.64,588-05-4632
86,Rutger Stradling,Rutger,Stradling,rstradling2d@studiopress.com,Male,68.213.55.212,870-37-9500
87,Grissel Tinline,Grissel,Tinline,gtinline2e@admin.ch,Female,16.228.7.22,262-96-1059
88,Nanete Hurnell,Nanete,Hurnell,nhurnell2f@creativecommons.org,Female,13.38.29.3,570-29-3662
89,Adham Cours,Adham,Cours,acours2g@i2i.jp,Male,221.156.183.27,631-23-5242
90,Alfonso O'Regan,Alfonso,O'Regan,aoregan2h@pbs.org,Male,24.213.0.180,678-27-7302
91,Mattie Desborough,Mattie,Desborough,mdesborough2i@google.it,Female,213.101.240.76,890-44-2795
92,Annis Pithcock,Annis,Pithcock,apithcock2j@sciencedaily.com,Female,108.121.19.22,843-82-2141
93,Devonna Andrewartha,Devonna,Andrewartha,dandrewartha2k@photobucket.com,Female,32.225.50.184,759-37-2193
94,Mervin Wogdon,Mervin,Wogdon,mwogdon2l@microsoft.com,Male,11.19.254.33,478-72-8299
95,Faythe Townsend,Faythe,Townsend,ftownsend2m@github.com,Female,197.230.2.117,421-43-0769
96,Welby Epple,Welby,Epple,wepple2n@delicious.com,Male,164.49.117.47,238-26-5337
97,Lancelot Mowles,Lancelot,Mowles,lmowles2o@noaa.gov,Male,36.191.99.177,548-65-8667
98,Brantley Jentle,Brantley,Jentle,bjentle2p@dailymail.co.uk,Male,185.69.83.97,723-80-8500
99,Gil Matzaitis,Gil,Matzaitis,gmatzaitis2q@google.nl,Male,39.164.211.92,718-77-0757
100,Missy Simounet,Missy,Simounet,msimounet2r@ezinearticles.com,Female,22.120.171.248,259-99-3723
101,Kelsi Ledram,Kelsi,Ledram,kledram2s@eepurl.com,Female,99.208.127.95,693-20-3946
102,Corinne Del Castello,Corinne,Del Castello,cdel2t@51.la,Female,36.156.222.89,464-01-5602
103,Faulkner Hayden,Faulkner,Hayden,fhayden2u@dyndns.org,Male,42.163.95.129,619-02-4203
104,Kaitlin Hellwig,Kaitlin,Hellwig,khellwig2v@symantec.com,Female,196.154.240.235,820-91-3628
105,Veriee Nockells,Veriee,Nockells,vnockells2w@typepad.com,Female,241.51.68.86,551-62-7085
106,Genevra Janiszewski,Genevra,Janiszewski,gjaniszewski2x@aol.com,Female,174.174.239.78,729-45-4367
107,Buddy Haskey,Buddy,Haskey,bhaskey2y@java.com,Male,65.246.255.221,229-87-1892
108,Ingemar Arnli,Ingemar,Arnli,iarnli2z@liveinternet.ru,Male,115.147.163.211,430-97-8447
109,Reynolds Matusovsky,Reynolds,Matusovsky,rmatusovsky30@moonfruit.com,Male,212.216.238.26,896-98-5539
110,Herminia Hollidge,Herminia,Hollidge,hhollidge31@cloudflare.com,Female,1.32.157.155,387-07-1173
111,Tiffanie Brealey,Tiffanie,Brealey,tbrealey32@si.edu,Female,241.106.203.21,714-73-8231
112,Eward Peplay,Eward,Peplay,epeplay33@prweb.com,Male,201.133.204.235,248-36-6929
113,Tiffi Bote,Tiffi,Bote,tbote34@sourceforge.net,Female,118.70.219.119,159-16-0138
114,Carver Voase,Carver,Voase,cvoase35@mit.edu,Male,125.29.128.255,822-44-1853
115,Mikey Baddow,Mikey,Baddow,mbaddow36@salon.com,Male,206.67.157.155,410-65-6204
116,Rona Risebrow,Rona,Risebrow,rrisebrow37@woothemes.com,Female,230.205.76.167,254-58-9551
117,Magda Frankland,Magda,Frankland,mfrankland38@forbes.com,Female,165.202.210.173,108-83-9921
118,Lavena Jain,Lavena,Jain,ljain39@storify.com,Female,39.1.56.128,691-34-6710
119,Gunter Eite,Gunter,Eite,geite3a@reddit.com,Male,24.72.241.169,427-08-7648
120,Roger Temperley,Roger,Temperley,rtemperley3b@elpais.com,Male,9.146.157.154,289-09-1365
121,Federico Zanini,Federico,Zanini,fzanini3c@shop-pro.jp,Male,158.211.153.161,275-80-3773
122,Jourdan Mildenhall,Jourdan,Mildenhall,jmildenhall3d@gizmodo.com,Female,180.212.219.19,322-32-1891
123,Rowan Trobey,Rowan,Trobey,rtrobey3e@fda.gov,Male,114.174.123.41,332-10-3712
124,Chryste Batchan,Chryste,Batchan,cbatchan3f@yahoo.com,Female,183.178.12.159,118-41-3347
125,Genni Hourigan,Genni,Hourigan,ghourigan3g@businessinsider.com,Female,238.31.97.108,476-27-6398
126,Robbin Matterson,Robbin,Matterson,rmatterson3h@sourceforge.net,Female,191.251.57.100,637-82-0790
127,Caria Clampin,Caria,Clampin,cclampin3i@netvibes.com,Female,154.217.23.87,337-74-3950
128,Celia Bearham,Celia,Bearham,cbearham3j@comsenz.com,Female,218.175.221.4,503-97-1958
129,Viviana Seiffert,Viviana,Seiffert,vseiffert3k@360.cn,Female,122.189.226.92,450-66-0088
130,Lem Lincey,Lem,Lincey,llincey3l@bluehost.com,Male,37.71.152.245,150-37-8879
131,Herrick Haxley,Herrick,Haxley,hhaxley3m@utexas.edu,Male,197.190.231.134,528-41-6839
132,Hilary Newband,Hilary,Newband,hnewband3n@yale.edu,Male,131.24.177.144,476-20-7678
133,Ruddie Haldane,Ruddie,Haldane,rhaldane3o@typepad.com,Male,227.149.55.169,866-13-4388
134,Norbie Gronowe,Norbie,Gronowe,ngronowe3p@google.ca,Male,99.209.140.129,538-07-6078
135,Olga Loffhead,Olga,Loffhead,oloffhead3q@timesonline.co.uk,Female,145.93.153.91,417-44-6425
136,Horatius Tipper,Horatius,Tipper,htipper3r@cdc.gov,Male,4.142.62.216,139-61-4116
137,Miquela Dominguez,Miquela,Dominguez,mdominguez3s@wikimedia.org,Female,174.35.231.123,494-31-0815
138,Tobie Kuhnhardt,Tobie,Kuhnhardt,tkuhnhardt3t@ftc.gov,Male,146.191.90.89,471-60-5632
139,Leslie MacCarlich,Leslie,MacCarlich,lmaccarlich3u@hao123.com,Male,70.7.159.22,660-08-9637
140,Wally Irdale,Wally,Irdale,wirdale3v@nsw.gov.au,Female,249.125.60.105,139-36-9839
141,Kile Muschette,Kile,Muschette,kmuschette3w@cbc.ca,Male,237.108.39.152,646-97-4965
142,Wilhelmina Sickling,Wilhelmina,Sickling,wsickling3x@paypal.com,Female,52.213.95.140,360-51-0323
143,Parke De Ruggero,Parke,De Ruggero,pde3y@barnesandnoble.com,Male,211.138.203.100,458-58-0499
144,Danice Habben,Danice,Habben,dhabben3z@comcast.net,Female,128.118.244.20,581-21-1777
145,Ephrayim Lintott,Ephrayim,Lintott,elintott40@angelfire.com,Male,64.84.105.116,390-92-5492
146,Findlay Siemantel,Findlay,Siemantel,fsiemantel41@ebay.co.uk,Male,142.120.169.141,381-56-3028
147,Amelina Skeen,Amelina,Skeen,askeen42@nifty.com,Female,204.19.171.176,821-23-5049
148,Domini Nance,Domini,Nance,dnance43@i2i.jp,Female,212.121.186.192,892-90-7009
149,Christoph Hammerton,Christoph,Hammerton,chammerton44@patch.com,Male,83.148.23.150,410-17-9000
150,Hort Tippings,Hort,Tippings,htippings45@about.com,Male,79.103.219.78,271-03-0227
151,Clevie Roly,Clevie,Roly,croly46@npr.org,Male,255.107.220.114,837-25-5983
152,Stillmann Ensten,Stillmann,Ensten,sensten47@amazon.de,Male,30.129.153.237,810-58-8406
153,Kaleena Cod,Kaleena,Cod,kcod48@imageshack.us,Female,214.51.243.190,864-72-5575
154,Leeann Bartoszek,Leeann,Bartoszek,lbartoszek49@irs.gov,Female,106.114.198.211,623-65-3422
155,Rod Tong,Rod,Tong,rtong4a@chron.com,Male,97.69.156.180,740-82-5169
156,Sibby McElane,Sibby,McElane,smcelane4b@photobucket.com,Female,185.231.80.238,591-69-1366
157,Gretel Yockney,Gretel,Yockney,gyockney4c@de.vu,Female,77.164.56.210,676-19-0651
158,Melosa Tonry,Melosa,Tonry,mtonry4d@usda.gov,Female,198.186.15.61,320-43-7150
159,Temp Tollow,Temp,Tollow,ttollow4e@pen.io,Male,108.12.231.69,105-95-0571
160,Ervin Bellinger,Ervin,Bellinger,ebellinger4f@cbsnews.com,Male,65.1.1.166,486-91-7790
161,Rustin Currm,Rustin,Currm,rcurrm4g@dailymotion.com,Male,218.128.120.85,558-15-6790
162,Araldo Sheddan,Araldo,Sheddan,asheddan4h@wufoo.com,Male,105.116.144.254,384-33-6805
163,Crichton Organer,Crichton,Organer,corganer4i@google.pl,Male,49.95.253.35,493-57-4784
164,Rorke Fife,Rorke,Fife,rfife4j@army.mil,Male,199.46.87.224,820-64-1145
165,Maiga Kapelhof,Maiga,Kapelhof,mkapelhof4k@over-blog.com,Female,69.32.254.128,437-22-1354
166,Viole Bickerdike,Viole,Bickerdike,vbickerdike4l@dagondesign.com,Female,5.168.60.171,257-65-3591
167,Georgette Biggerstaff,Georgette,Biggerstaff,gbiggerstaff4m@slideshare.net,Female,46.19.247.114,552-22-5666
168,Julius Crehan,Julius,Crehan,jcrehan4n@toplist.cz,Male,235.85.107.81,669-33-6851
169,Melamie Boxe,Melamie,Boxe,mboxe4o@wordpress.org,Female,38.11.227.98,539-61-5956
170,Mathilda Kornilov,Mathilda,Kornilov,mkornilov4p@weebly.com,Female,76.254.195.180,132-67-4495
171,Delila Baudesson,Delila,Baudesson,dbaudesson4q@yolasite.com,Female,182.49.194.51,103-52-4531
172,Pietro Sellan,Pietro,Sellan,psellan4r@statcounter.com,Male,162.57.228.189,642-26-4777
173,Eloisa Merman,Eloisa,Merman,emerman4s@wikimedia.org,Female,120.109.150.134,606-84-6308
174,Samuel Franscioni,Samuel,Franscioni,sfranscioni4t@jiathis.com,Male,58.85.210.8,608-60-4604
175,Doralynne Roberto,Doralynne,Roberto,droberto4u@archive.org,Female,19.187.75.161,825-36-9822
176,Towney Maw,Towney,Maw,tmaw4v@unicef.org,Male,159.116.246.235,716-42-3662
177,Dierdre Wreakes,Dierdre,Wreakes,dwreakes4w@unesco.org,Female,251.25.161.157,112-95-4970
178,Edie Pountain,Edie,Pountain,epountain4x@yolasite.com,Female,253.240.128.74,489-73-4324
179,Gerhardt Carrivick,Gerhardt,Carrivick,gcarrivick4y@elpais.com,Male,205.159.109.215,556-77-2764
180,Cazzie Chilvers,Cazzie,Chilvers,cchilvers4z@chronoengine.com,Male,201.141.28.142,453-21-4212
181,Valencia Dugmore,Valencia,Dugmore,vdugmore50@aboutads.info,Female,64.217.171.10,744-02-0941
182,Reeba Mouser,Reeba,Mouser,rmouser51@hibu.com,Female,196.120.218.67,670-20-6323
183,Traci Houson,Traci,Houson,thouson52@europa.eu,Female,174.22.143.100,641-45-1119
184,Laney Dobeson,Laney,Dobeson,ldobeson53@livejournal.com,Female,246.144.254.191,277-50-2118
185,Rabi Gilardone,Rabi,Gilardone,rgilardone54@moonfruit.com,Male,242.76.65.151,622-81-0771
186,Rem Illingsworth,Rem,Illingsworth,rillingsworth55@redcross.org,Male,176.34.184.239,443-71-7600
187,Lurette Kimbling,Lurette,Kimbling,lkimbling56@nba.com,Female,71.132.90.124,282-62-9046
188,Emelia Dockwray,Emelia,Dockwray,edockwray57@chron.com,Female,65.64.8.148,765-88-7335
189,Anastassia Lawlie,Anastassia,Lawlie,alawlie58@so-net.ne.jp,Female,73.176.76.124,477-77-5994
190,Irv Thirlaway,Irv,Thirlaway,ithirlaway59@washington.edu,Male,97.19.62.192,374-08-7413
191,Rita Yurchenko,Rita,Yurchenko,ryurchenko5a@ovh.net,Female,20.163.130.67,708-41-4389
192,Hunt Sall,Hunt,Sall,hsall5b@nydailynews.com,Male,193.150.198.102,327-02-2083
193,Mannie Levee,Mannie,Levee,mlevee5c@cisco.com,Male,205.188.168.146,262-95-8036
194,Garland Rustich,Garland,Rustich,grustich5d@google.it,Female,228.186.45.207,629-38-0606
195,Kati Smidmor,Kati,Smidmor,ksmidmor5e@ameblo.jp,Female,189.148.225.39,491-82-2347
196,Jessie Fahrenbacher,Jessie,Fahrenbacher,jfahrenbacher5f@ted.com,Female,50.37.116.174,624-33-4445
197,Marj Woodrough,Marj,Woodrough,mwoodrough5g@theguardian.com,Female,115.4.149.135,779-34-0209
198,Angelo Gladbach,Angelo,Gladbach,agladbach5h@eventbrite.com,Male,111.70.212.56,803-25-6998
199,Cleo Alloway,Cleo,Alloway,calloway5i@home.pl,Female,35.118.5.191,834-86-3707
200,Tremayne Gawthrope,Tremayne,Gawthrope,tgawthrope5j@irs.gov,Male,78.172.144.206,649-63-1567
201,Norby Peers,Norby,Peers,npeers5k@bloglines.com,Male,68.237.59.201,447-33-2045
202,Reube Hazelby,Reube,Hazelby,rhazelby5l@ustream.tv,Male,62.221.179.94,669-79-9621
203,Wally Ferencowicz,Wally,Ferencowicz,wferencowicz5m@ucoz.ru,Female,200.107.61.255,780-57-0566
204,Karlik Whysall,Karlik,Whysall,kwhysall5n@youtube.com,Male,132.90.75.169,717-82-6174
205,Manfred Olligan,Manfred,Olligan,molligan5o@jalbum.net,Male,169.85.216.115,193-52-0329
206,Westley Jeavon,Westley,Jeavon,wjeavon5p@flickr.com,Male,153.182.53.104,848-33-0829
207,Melicent Haskayne,Melicent,Haskayne,mhaskayne5q@who.int,Female,58.42.197.72,164-94-3719
208,Farrell Hastin,Farrell,Hastin,fhastin5r@unc.edu,Male,90.172.153.174,496-11-8438
209,Ursula Kernan,Ursula,Kernan,ukernan5s@vkontakte.ru,Female,231.87.176.27,132-93-5933
210,Boot Darragon,Boot,Darragon,bdarragon5t@skype.com,Male,170.2.59.135,174-80-8470
211,Hoyt Osipenko,Hoyt,Osipenko,hosipenko5u@ustream.tv,Male,119.213.137.165,560-93-5020
212,Taryn Berkley,Taryn,Berkley,tberkley5v@w3.org,Female,83.50.252.154,507-59-3507
213,Perice Giorgetti,Perice,Giorgetti,pgiorgetti5w@soup.io,Male,76.38.174.175,890-61-9853
214,Yoko Coyte,Yoko,Coyte,ycoyte5x@discovery.com,Female,166.161.224.206,411-76-7858
215,Misti Stot,Misti,Stot,mstot5y@lulu.com,Female,188.234.61.48,401-39-1081
216,Sergent Utterson,Sergent,Utterson,sutterson5z@theatlantic.com,Male,148.99.26.21,212-84-3497
217,Sherill Lovell,Sherill,Lovell,slovell60@soup.io,Female,151.160.222.14,101-85-2087
218,Park Lambole,Park,Lambole,plambole61@epa.gov,Male,185.59.217.170,342-03-3902
219,Ruttger Bentick,Ruttger,Bentick,rbentick62@booking.com,Male,234.72.98.26,581-44-3760
220,Yoko Huge,Yoko,Huge,yhuge63@angelfire.com,Female,117.46.135.118,568-89-7369
221,Filmer Larrat,Filmer,Larrat,flarrat64@answers.com,Male,104.6.143.224,621-18-5797
222,Coreen Dunstone,Coreen,Dunstone,cdunstone65@toplist.cz,Female,180.222.241.21,400-85-8733
223,Findlay Swinerd,Findlay,Swinerd,fswinerd66@samsung.com,Male,1.254.62.21,263-52-7977
224,Claudina Jeffery,Claudina,Jeffery,cjeffery67@stanford.edu,Female,250.255.15.122,737-28-8204
225,Baxter Manby,Baxter,Manby,bmanby68@privacy.gov.au,Male,195.119.203.56,433-91-5008
226,Sylas Chiles,Sylas,Chiles,schiles69@jigsy.com,Male,27.123.151.92,148-86-3889
227,Clarice Abazi,Clarice,Abazi,cabazi6a@pcworld.com,Female,79.99.95.76,829-17-0693
228,Ravid Pickless,Ravid,Pickless,rpickless6b@digg.com,Male,193.183.187.61,128-40-0112
229,Joanna Ainscow,Joanna,Ainscow,jainscow6c@mashable.com,Female,4.192.34.245,250-84-1190
230,Fabien Athy,Fabien,Athy,fathy6d@wufoo.com,Male,161.199.132.96,496-23-8463
231,Germain Blackie,Germain,Blackie,gblackie6e@symantec.com,Female,170.6.60.227,101-25-4577
232,Celestyna Haskayne,Celestyna,Haskayne,chaskayne6f@apple.com,Female,98.115.196.73,600-74-2913
233,Fremont Lonnon,Fremont,Lonnon,flonnon6g@nationalgeographic.com,Male,97.79.235.20,810-64-3599
234,Lianna Thorneywork,Lianna,Thorneywork,lthorneywork6h@bing.com,Female,148.246.196.159,628-23-3388
235,Franklin Minster,Franklin,Minster,fminster6i@washingtonpost.com,Male,71.11.199.72,535-19-9972
236,Hillery Krates,Hillery,Krates,hkrates6j@marketwatch.com,Male,130.188.79.19,410-68-6643
237,Livvyy Woolatt,Livvyy,Woolatt,lwoolatt6k@goo.gl,Female,157.39.7.166,156-81-5391
238,Goddard Pooly,Goddard,Pooly,gpooly6l@prlog.org,Male,129.28.6.50,420-40-7107
239,Kerwinn Janz,Kerwinn,Janz,kjanz6m@parallels.com,Male,30.154.80.109,389-58-6210
240,Christophorus Slegg,Christophorus,Slegg,cslegg6n@springer.com,Male,139.27.124.236,277-16-2600
241,Elysee Pedycan,Elysee,Pedycan,epedycan6o@examiner.com,Female,70.199.69.9,549-73-7541
242,Amata Vanes,Amata,Vanes,avanes6p@yale.edu,Female,94.29.38.41,794-75-2554
243,Toddy Parlor,Toddy,Parlor,tparlor6q@tuttocitta.it,Male,16.165.56.17,791-93-9090
244,Clayson Gogin,Clayson,Gogin,cgogin6r@time.com,Male,20.223.188.8,708-39-5760
245,Udale Bener,Udale,Bener,ubener6s@sphinn.com,Male,176.56.118.247,406-38-5159
246,Sawyere Treharne,Sawyere,Treharne,streharne6t@ifeng.com,Male,73.23.33.19,509-14-9150
247,Eartha Myrie,Eartha,Myrie,emyrie6u@slate.com,Female,244.94.222.164,121-66-4178
248,Andi Stappard,Andi,Stappard,astappard6v@wsj.com,Female,84.189.29.164,499-51-2332
249,Jamal Wassell,Jamal,Wassell,jwassell6w@webnode.com,Male,229.71.191.95,897-07-0876
250,Zorina Callaby,Zorina,Callaby,zcallaby6x@uol.com.br,Female,141.136.240.21,444-50-2463
251,Preston Takis,Preston,Takis,ptakis6y@craigslist.org,Male,25.191.55.80,877-64-9837
252,Karlie Fleg,Karlie,Fleg,kfleg6z@lycos.com,Female,67.241.227.254,686-19-8019
253,Carrissa Spraging,Carrissa,Spraging,cspraging70@mediafire.com,Female,55.14.37.117,511-88-3424
254,Cheri Kinastan,Cheri,Kinastan,ckinastan71@japanpost.jp,Female,139.33.41.61,591-79-5695
255,Pennie Guerrazzi,Pennie,Guerrazzi,pguerrazzi72@youtube.com,Male,102.0.172.75,822-11-2952
256,Boyce McKeady,Boyce,McKeady,bmckeady73@blogger.com,Male,224.21.151.196,384-27-7927
257,Cordell Knagges,Cordell,Knagges,cknagges74@wikipedia.org,Male,153.131.155.98,786-20-8777
258,De witt Ropert,De witt,Ropert,dwitt75@networksolutions.com,Male,105.234.155.15,769-74-4728
259,Pincus Shaplin,Pincus,Shaplin,pshaplin76@twitter.com,Male,20.102.214.208,788-68-6840
260,Tony Szymanek,Tony,Szymanek,tszymanek77@vimeo.com,Male,48.75.54.176,756-26-3061
261,Garvin Chartre,Garvin,Chartre,gchartre78@odnoklassniki.ru,Male,224.72.248.136,678-01-0508
262,Christabella Quartermaine,Christabella,Quartermaine,cquartermaine79@g.co,Female,26.121.116.144,196-18-3154
263,Tillie Brownsall,Tillie,Brownsall,tbrownsall7a@mayoclinic.com,Female,181.31.53.197,170-55-6336
264,Sandy Broader,Sandy,Broader,sbroader7b@photobucket.com,Male,15.212.246.245,655-25-5036
265,Nestor Chant,Nestor,Chant,nchant7c@gravatar.com,Male,224.63.60.251,599-92-2059
266,Kylie Dinkin,Kylie,Dinkin,kdinkin7d@google.de,Female,68.208.73.16,101-69-1299
267,Sherie Lahrs,Sherie,Lahrs,slahrs7e@bloglines.com,Female,237.244.213.97,848-10-3216
268,Drud Normand,Drud,Normand,dnormand7f@umn.edu,Male,141.11.145.214,168-20-3887
269,Shayne Hedylstone,Shayne,Hedylstone,shedylstone7g@nih.gov,Female,186.245.68.87,450-26-4145
270,Nana Probet,Nana,Probet,nprobet7h@dmoz.org,Female,152.106.40.182,796-77-9279
271,Abbott Palser,Abbott,Palser,apalser7i@nationalgeographic.com,Male,215.2.46.214,448-79-6299
272,Joyan Tudgay,Joyan,Tudgay,jtudgay7j@freewebs.com,Female,187.234.41.94,889-47-7854
273,Harwell Kellen,Harwell,Kellen,hkellen7k@github.com,Male,143.133.2.129,818-32-1065
274,Paco Vasilkov,Paco,Vasilkov,pvasilkov7l@altervista.org,Male,242.66.158.131,652-95-3395
275,Krystal Silberschatz,Krystal,Silberschatz,ksilberschatz7m@ning.com,Female,96.180.214.186,439-86-7760
276,Merrielle Justice,Merrielle,Justice,mjustice7n@sina.com.cn,Female,13.243.63.67,200-29-3957
277,Mireielle Morgan,Mireielle,Morgan,mmorgan7o@yellowbook.com,Female,237.252.208.88,834-23-9285
278,Haily Michurin,Haily,Michurin,hmichurin7p@t-online.de,Male,35.148.95.90,890-33-8763
279,Beth Espadate,Beth,Espadate,bespadate7q@home.pl,Female,53.104.125.231,476-33-9887
280,Sheridan Spyer,Sheridan,Spyer,sspyer7r@google.de,Male,48.163.95.183,233-08-6210
281,Cherye Tungate,Cherye,Tungate,ctungate7s@statcounter.com,Female,4.2.37.247,612-71-0760
282,Cristy Corpe,Cristy,Corpe,ccorpe7t@gov.uk,Female,212.210.220.253,859-01-9468
283,Thorny Scotson,Thorny,Scotson,tscotson7u@acquirethisname.com,Male,74.57.8.190,574-75-2350
284,Vinnie Newens,Vinnie,Newens,vnewens7v@phoca.cz,Female,92.186.90.61,807-91-6861
285,Virgina Suddick,Virgina,Suddick,vsuddick7w@harvard.edu,Female,66.129.81.53,691-79-0013
286,Melisa Borton,Melisa,Borton,mborton7x@vkontakte.ru,Female,62.82.204.213,414-67-5237
287,Arnuad Drinan,Arnuad,Drinan,adrinan7y@zdnet.com,Male,193.21.231.170,342-85-6829
288,Casper Arstingall,Casper,Arstingall,carstingall7z@nydailynews.com,Male,91.101.94.81,437-21-4589
289,Fonsie Oakshott,Fonsie,Oakshott,foakshott80@biblegateway.com,Male,45.241.16.101,615-51-7854
290,Jacinta Pattillo,Jacinta,Pattillo,jpattillo81@msn.com,Female,250.104.28.192,193-98-7979
291,Esta Pledge,Esta,Pledge,epledge82@cdbaby.com,Female,246.126.234.138,461-69-8147
292,Natty Edmons,Natty,Edmons,nedmons83@sitemeter.com,Female,87.11.230.93,119-22-8787
293,Nathan Gallon,Nathan,Gallon,ngallon84@biblegateway.com,Male,253.18.245.3,129-01-7850
294,Dougie Molian,Dougie,Molian,dmolian85@i2i.jp,Male,217.196.171.239,396-90-7887
295,Thorndike Sawrey,Thorndike,Sawrey,tsawrey86@tiny.cc,Male,187.138.224.141,162-82-7438
296,Thorndike Tosney,Thorndike,Tosney,ttosney87@free.fr,Male,232.138.219.74,756-43-1812
297,Nathalia Churchley,Nathalia,Churchley,nchurchley88@drupal.org,Female,231.138.77.250,603-29-1102
298,Domeniga Tregea,Domeniga,Tregea,dtregea89@cornell.edu,Female,182.123.33.72,493-36-3637
299,Helena Legg,Helena,Legg,hlegg8a@msu.edu,Female,155.61.101.85,464-18-7119
300,Gelya Cuttings,Gelya,Cuttings,gcuttings8b@wufoo.com,Female,20.169.225.135,157-50-2859
301,Clevie Renish,Clevie,Renish,crenish8c@rediff.com,Male,76.51.174.116,393-21-7038
302,Elie Cornewall,Elie,Cornewall,ecornewall8d@house.gov,Female,139.90.207.110,488-67-5253
303,Axe Tripe,Axe,Tripe,atripe8e@about.me,Male,192.145.49.165,559-61-4965
304,Marylynne Carwardine,Marylynne,Carwardine,mcarwardine8f@gizmodo.com,Female,232.64.136.141,239-02-5209
305,Cindra Perrins,Cindra,Perrins,cperrins8g@prlog.org,Female,146.50.149.76,352-43-5881
306,Leupold Newport,Leupold,Newport,lnewport8h@timesonline.co.uk,Male,54.216.165.102,787-29-0449
307,Ingrid Bartalucci,Ingrid,Bartalucci,ibartalucci8i@comcast.net,Female,128.91.196.107,206-88-2933
308,Fedora Clempton,Fedora,Clempton,fclempton8j@twitpic.com,Female,190.182.65.227,133-20-8438
309,Arlina Cartwight,Arlina,Cartwight,acartwight8k@msn.com,Female,199.150.193.60,210-09-7701
310,Thelma Overpool,Thelma,Overpool,toverpool8l@virginia.edu,Female,166.193.205.10,404-44-2055
311,Natal McGavin,Natal,McGavin,nmcgavin8m@bluehost.com,Male,221.28.168.187,889-79-4765
312,Auroora Cuttle,Auroora,Cuttle,acuttle8n@jigsy.com,Female,203.134.89.15,502-24-2186
313,Ronica Measor,Ronica,Measor,rmeasor8o@goodreads.com,Female,19.134.43.97,187-06-9479
314,Niko Shevlin,Niko,Shevlin,nshevlin8p@chronoengine.com,Male,10.227.198.1,292-44-3412
315,Carmine Gabbidon,Carmine,Gabbidon,cgabbidon8q@163.com,Female,198.21.74.127,712-35-5575
316,Robina Cowe,Robina,Cowe,rcowe8r@si.edu,Female,244.98.149.215,884-66-0166
317,Mendel Choudhury,Mendel,Choudhury,mchoudhury8s@icio.us,Male,120.202.45.113,780-47-8366
318,Sly Osborne,Sly,Osborne,sosborne8t@free.fr,Male,105.147.114.152,769-16-0980
319,Norrie Geraudel,Norrie,Geraudel,ngeraudel8u@tripod.com,Male,222.158.167.206,538-39-3641
320,Talia Pesselt,Talia,Pesselt,tpesselt8v@abc.net.au,Female,15.40.70.1,737-25-5881
321,Gusty Rapps,Gusty,Rapps,grapps8w@spiegel.de,Female,231.152.107.90,806-22-8397
322,Howard Cutchee,Howard,Cutchee,hcutchee8x@omniture.com,Male,96.165.172.31,828-25-2830
323,Kakalina Scading,Kakalina,Scading,kscading8y@independent.co.uk,Female,20.71.59.176,522-29-6999
324,Joelynn Gibbe,Joelynn,Gibbe,jgibbe8z@cam.ac.uk,Female,23.58.170.225,892-03-9273
325,Seline Godfery,Seline,Godfery,sgodfery90@yolasite.com,Female,149.192.219.211,573-51-2715
326,Dallas Nolan,Dallas,Nolan,dnolan91@wikispaces.com,Male,152.241.46.46,646-40-9883
327,Leann Bunnell,Leann,Bunnell,lbunnell92@google.ru,Female,190.83.30.222,160-03-8327
328,Consolata Paxeford,Consolata,Paxeford,cpaxeford93@liveinternet.ru,Female,30.57.162.42,846-77-6980
329,Winthrop Amburgy,Winthrop,Amburgy,wamburgy94@boston.com,Male,196.67.19.205,519-24-9776
330,Merrel Rowth,Merrel,Rowth,mrowth95@gnu.org,Male,228.235.155.205,424-23-2559
331,Mallorie Eves,Mallorie,Eves,meves96@twitter.com,Female,178.251.253.89,796-68-3105
332,Rafferty Risson,Rafferty,Risson,rrisson97@answers.com,Male,146.243.73.96,464-04-6676
333,Portia Margerrison,Portia,Margerrison,pmargerrison98@meetup.com,Female,170.15.18.56,287-58-9475
334,Christina Kulic,Christina,Kulic,ckulic99@fastcompany.com,Female,100.31.227.19,858-79-3780
335,Brooke Dunn,Brooke,Dunn,bdunn9a@istockphoto.com,Female,44.164.84.165,642-95-4279
336,Maggy Strethill,Maggy,Strethill,mstrethill9b@example.com,Female,205.135.94.226,418-86-2737
337,Delila Moen,Delila,Moen,dmoen9c@clickbank.net,Female,128.232.144.252,562-06-6082
338,Nerta Winchcombe,Nerta,Winchcombe,nwinchcombe9d@state.gov,Female,123.92.40.80,687-84-3870
339,Magdalene O'Flannery,Magdalene,O'Flannery,moflannery9e@themeforest.net,Female,19.218.18.198,684-28-4648
340,Marv Tuminini,Marv,Tuminini,mtuminini9f@moonfruit.com,Male,161.7.169.168,232-85-4618
341,Gearalt Alleburton,Gearalt,Alleburton,galleburton9g@cloudflare.com,Male,26.0.184.110,532-18-6817
342,Sidoney Greenhill,Sidoney,Greenhill,sgreenhill9h@bbc.co.uk,Female,203.236.110.171,399-29-6651
343,Haleigh Isakson,Haleigh,Isakson,hisakson9i@harvard.edu,Male,173.109.141.7,358-17-6735
344,Kiel Fortye,Kiel,Fortye,kfortye9j@examiner.com,Male,8.60.80.255,471-57-2171
345,Aharon Hurl,Aharon,Hurl,ahurl9k@indiegogo.com,Male,63.192.248.119,553-94-2453
346,Goldarina Staddon,Goldarina,Staddon,gstaddon9l@thetimes.co.uk,Female,82.218.221.56,728-45-1884
347,Amble McVeagh,Amble,McVeagh,amcveagh9m@google.es,Male,222.197.76.174,429-25-7316
348,Titos Poone,Titos,Poone,tpoone9n@goo.gl,Male,41.138.241.226,520-26-2740
349,Simmonds Wildish,Simmonds,Wildish,swildish9o@forbes.com,Male,71.236.141.217,813-24-6041
350,Eleanor De Stoop,Eleanor,De Stoop,ede9p@arizona.edu,Female,179.5.112.178,548-33-4004
351,Gaby Skewes,Gaby,Skewes,gskewes9q@mit.edu,Female,219.208.62.65,810-92-3881
352,Norina Bestar,Norina,Bestar,nbestar9r@slashdot.org,Female,117.41.65.42,152-78-2640
353,Bryce Danihel,Bryce,Danihel,bdanihel9s@usnews.com,Male,119.247.148.226,307-17-6240
354,Shelden Wittier,Shelden,Wittier,swittier9t@ow.ly,Male,111.136.248.132,306-80-5018
355,Jocko Danielsson,Jocko,Danielsson,jdanielsson9u@illinois.edu,Male,105.32.163.33,117-04-1219
356,Blanche Sommerville,Blanche,Sommerville,bsommerville9v@livejournal.com,Female,176.144.5.80,385-78-1106
357,Phillipp Klug,Phillipp,Klug,pklug9w@rediff.com,Male,190.239.57.144,805-90-5858
358,Steffi Basilone,Steffi,Basilone,sbasilone9x@a8.net,Female,199.78.130.68,518-17-0324
359,Ginny Pechard,Ginny,Pechard,gpechard9y@reference.com,Female,112.59.171.81,595-33-2508
360,Bonnibelle Channon,Bonnibelle,Channon,bchannon9z@merriam-webster.com,Female,210.182.213.63,603-41-4322
361,Fee Todarello,Fee,Todarello,ftodarelloa0@angelfire.com,Male,57.179.154.243,694-85-3569
362,Obadias Lyst,Obadias,Lyst,olysta1@buzzfeed.com,Male,100.19.210.213,309-98-7675
363,Odelinda Lyste,Odelinda,Lyste,olystea2@joomla.org,Female,22.149.223.130,411-43-7756
364,Merla St Clair,Merla,St Clair,msta3@mit.edu,Female,78.107.53.193,512-70-7393
365,Ottilie Bartolacci,Ottilie,Bartolacci,obartolaccia4@jugem.jp,Female,27.147.127.21,743-59-6898
366,Leisha MacAlroy,Leisha,MacAlroy,lmacalroya5@marriott.com,Female,3.113.21.36,790-66-7909
367,Daveen Coates,Daveen,Coates,dcoatesa6@skype.com,Female,219.120.177.232,873-77-7393
368,Corey Fidelus,Corey,Fidelus,cfidelusa7@bloglines.com,Female,241.89.179.63,673-59-0953
369,Sergei Eagell,Sergei,Eagell,seagella8@army.mil,Male,185.208.162.200,636-31-6932
370,Aland Haggard,Aland,Haggard,ahaggarda9@canalblog.com,Male,68.21.178.126,256-89-4869
371,Clarabelle Currin,Clarabelle,Currin,ccurrinaa@e-recht24.de,Female,173.122.164.26,682-21-4558
372,Davie Brennan,Davie,Brennan,dbrennanab@odnoklassniki.ru,Male,71.217.113.166,695-32-5443
373,Rosetta Mattson,Rosetta,Mattson,rmattsonac@cdbaby.com,Female,152.201.68.121,279-75-0528
374,Marinna Gladstone,Marinna,Gladstone,mgladstonead@technorati.com,Female,85.47.136.69,266-68-7497
375,Timmy Yurenev,Timmy,Yurenev,tyurenevae@npr.org,Male,157.112.8.195,241-72-8042
376,Shurlock Luscombe,Shurlock,Luscombe,sluscombeaf@addtoany.com,Male,71.164.22.114,235-84-9313
377,Kassie Mariot,Kassie,Mariot,kmariotag@newsvine.com,Female,37.187.124.103,459-04-9434
378,Frasier Pavis,Frasier,Pavis,fpavisah@squidoo.com,Male,153.255.10.23,620-60-0825
379,Maximo MacFarlane,Maximo,MacFarlane,mmacfarlaneai@histats.com,Male,196.210.164.91,159-95-7856
380,Hetti Nuss,Hetti,Nuss,hnussaj@prnewswire.com,Female,241.49.41.65,130-06-9094
381,Jaclin Langley,Jaclin,Langley,jlangleyak@boston.com,Female,120.107.2.185,876-77-4349
382,Aymer Rehm,Aymer,Rehm,arehmal@ocn.ne.jp,Male,87.43.60.18,778-17-1782
383,Debbi Phizackerly,Debbi,Phizackerly,dphizackerlyam@wix.com,Female,200.99.116.167,107-03-4108
384,Cinnamon Mawd,Cinnamon,Mawd,cmawdan@smh.com.au,Female,214.22.55.3,723-06-9757
385,Ferguson Belchamp,Ferguson,Belchamp,fbelchampao@oaic.gov.au,Male,44.211.105.55,549-82-1271
386,Lowell Ganford,Lowell,Ganford,lganfordap@addthis.com,Male,194.177.237.105,333-68-5154
387,Kendricks Wesley,Kendricks,Wesley,kwesleyaq@blogs.com,Male,110.208.195.138,254-74-7582
388,Moira Ratray,Moira,Ratray,mratrayar@unicef.org,Female,93.27.166.101,692-77-0317
389,Gris Wykes,Gris,Wykes,gwykesas@shutterfly.com,Male,236.63.210.66,209-90-7512
390,Grayce Szymczyk,Grayce,Szymczyk,gszymczykat@nbcnews.com,Female,20.178.21.180,225-84-2093
391,Walker Punchard,Walker,Punchard,wpunchardau@comcast.net,Male,153.107.19.248,319-31-6619
392,Iormina Rumming,Iormina,Rumming,irummingav@imdb.com,Female,60.11.151.34,861-60-1812
393,Kitti Acory,Kitti,Acory,kacoryaw@lulu.com,Female,248.215.189.78,696-84-7015
394,Cordy Feltoe,Cordy,Feltoe,cfeltoeax@tripadvisor.com,Male,196.110.118.116,105-32-1449
395,Avictor Aspden,Avictor,Aspden,aaspdenay@vistaprint.com,Male,179.202.55.227,373-13-3861
396,Horacio Jeffcoat,Horacio,Jeffcoat,hjeffcoataz@php.net,Male,46.102.162.157,274-67-8259
397,Nikola Cyples,Nikola,Cyples,ncyplesb0@epa.gov,Male,155.61.25.194,326-09-2586
398,Linnea Chislett,Linnea,Chislett,lchislettb1@surveymonkey.com,Female,233.29.247.117,466-68-1064
399,Gwenny Otton,Gwenny,Otton,gottonb2@hp.com,Female,122.146.97.134,898-79-1184
400,Casie Andriss,Casie,Andriss,candrissb3@stanford.edu,Female,91.235.247.233,595-56-9049
401,Julian Linbohm,Julian,Linbohm,jlinbohmb4@odnoklassniki.ru,Male,218.240.149.44,409-23-1884
402,Carmel Prate,Carmel,Prate,cprateb5@pagesperso-orange.fr,Female,38.9.79.146,263-64-5030
403,Pincas Hassell,Pincas,Hassell,phassellb6@dropbox.com,Male,117.234.171.181,886-68-0374
404,Maribel Buscombe,Maribel,Buscombe,mbuscombeb7@flickr.com,Female,190.68.80.88,754-96-2273
405,Teirtza Pendred,Teirtza,Pendred,tpendredb8@samsung.com,Female,187.101.239.146,454-64-6179
406,Waverley Keymar,Waverley,Keymar,wkeymarb9@jimdo.com,Male,244.159.1.28,750-49-3714
407,Hasty Arbor,Hasty,Arbor,harborba@geocities.com,Male,136.174.123.16,688-83-8726
408,Cynthie Mawdsley,Cynthie,Mawdsley,cmawdsleybb@constantcontact.com,Female,20.177.113.119,723-08-0151
409,Dorothea Piotrkowski,Dorothea,Piotrkowski,dpiotrkowskibc@paypal.com,Female,74.45.118.238,366-58-2129
410,Madelene Vain,Madelene,Vain,mvainbd@1688.com,Female,11.218.56.246,128-60-0152
411,Pip Castledine,Pip,Castledine,pcastledinebe@amazonaws.com,Male,26.155.64.69,438-29-0362
412,Margarita Cloney,Margarita,Cloney,mcloneybf@china.com.cn,Female,193.35.164.4,862-42-7314
413,Lucien Scupham,Lucien,Scupham,lscuphambg@seattletimes.com,Male,121.209.5.68,559-81-8780
414,Izaak de Zamora,Izaak,de Zamora,idebh@timesonline.co.uk,Male,212.202.200.86,169-59-6632
415,Jarrad Klempke,Jarrad,Klempke,jklempkebi@gravatar.com,Male,206.66.230.36,809-37-6002
416,Philly Ledbetter,Philly,Ledbetter,pledbetterbj@gravatar.com,Female,214.63.200.222,346-57-0382
417,Jeniffer Richardon,Jeniffer,Richardon,jrichardonbk@i2i.jp,Female,39.213.254.239,329-50-8688
418,Juliana Janos,Juliana,Janos,jjanosbl@imdb.com,Female,249.136.247.73,867-95-9395
419,Bonni Parlet,Bonni,Parlet,bparletbm@uiuc.edu,Female,72.124.15.249,542-95-2645
420,Monica Calles,Monica,Calles,mcallesbn@edublogs.org,Female,185.242.113.29,166-17-1688
421,Hailey Telling,Hailey,Telling,htellingbo@ask.com,Male,19.88.113.47,773-62-3819
422,Meredithe Fiddy,Meredithe,Fiddy,mfiddybp@webs.com,Female,60.189.192.178,380-92-1097
423,Janenna Chettoe,Janenna,Chettoe,jchettoebq@yale.edu,Female,166.165.64.222,124-21-7880
424,Susana Arthars,Susana,Arthars,sartharsbr@plala.or.jp,Female,139.19.241.239,615-39-9261
425,Ody Corneil,Ody,Corneil,ocorneilbs@slideshare.net,Male,196.151.108.66,510-11-5855
426,Marieann Desorts,Marieann,Desorts,mdesortsbt@vk.com,Female,122.179.154.131,620-97-1511
427,Merrilee Lardge,Merrilee,Lardge,mlardgebu@dell.com,Female,231.115.206.160,427-16-3709
428,Samuel Belham,Samuel,Belham,sbelhambv@reddit.com,Male,155.221.79.142,596-47-9072
429,Karleen Stouther,Karleen,Stouther,kstoutherbw@domainmarket.com,Female,139.1.65.197,440-41-1603
430,Anne Cliburn,Anne,Cliburn,acliburnbx@cdc.gov,Female,100.229.114.160,551-31-5273
431,Luz Braithwaite,Luz,Braithwaite,lbraithwaiteby@irs.gov,Female,15.210.181.55,729-04-2518
432,Fran Read,Fran,Read,freadbz@over-blog.com,Female,196.76.49.3,190-36-4749
433,Dinnie Dyche,Dinnie,Dyche,ddychec0@nifty.com,Female,248.73.180.73,682-81-8048
434,Sloane Percy,Sloane,Percy,spercyc1@alexa.com,Male,134.163.80.74,588-83-9320
435,Arch Pote,Arch,Pote,apotec2@taobao.com,Male,144.249.133.133,836-44-3449
436,Martica Myott,Martica,Myott,mmyottc3@nymag.com,Female,128.250.208.2,202-33-2763
437,Willey Tinwell,Willey,Tinwell,wtinwellc4@dagondesign.com,Male,192.160.80.153,201-58-8437
438,Hastie Kippins,Hastie,Kippins,hkippinsc5@microsoft.com,Male,200.170.17.164,688-28-0681
439,Nicolle Batter,Nicolle,Batter,nbatterc6@simplemachines.org,Female,14.121.126.7,606-97-5466
440,Zilvia Cayser,Zilvia,Cayser,zcayserc7@zdnet.com,Female,128.90.143.97,730-32-7808
441,Adora Ferneyhough,Adora,Ferneyhough,aferneyhoughc8@reddit.com,Female,104.62.89.222,352-60-5789
442,Nathan Phebey,Nathan,Phebey,nphebeyc9@plala.or.jp,Male,108.171.23.228,204-14-4930
443,Englebert Vials,Englebert,Vials,evialsca@cisco.com,Male,247.16.118.227,844-87-0403
444,Roby Squier,Roby,Squier,rsquiercb@loc.gov,Female,219.15.138.46,584-93-2597
445,Lulita Trigg,Lulita,Trigg,ltriggcc@bloomberg.com,Female,54.132.1.134,489-97-9602
446,Gauthier Jorgensen,Gauthier,Jorgensen,gjorgensencd@omniture.com,Male,232.227.122.223,487-49-5696
447,Grace Giovannelli,Grace,Giovannelli,ggiovannellice@zdnet.com,Male,253.6.51.185,205-31-8383
448,Tedmund Brunicke,Tedmund,Brunicke,tbrunickecf@ovh.net,Male,104.121.202.56,594-35-7644
449,Thane Antonnikov,Thane,Antonnikov,tantonnikovcg@pbs.org,Male,225.200.18.236,730-68-3957
450,Vivienne Utting,Vivienne,Utting,vuttingch@whitehouse.gov,Female,213.224.193.179,239-41-4453
451,Iolande Dakers,Iolande,Dakers,idakersci@phpbb.com,Female,169.29.189.217,245-01-3928
452,Jasmin Errichelli,Jasmin,Errichelli,jerrichellicj@harvard.edu,Female,62.236.14.235,636-54-2117
453,Timi Poplee,Timi,Poplee,tpopleeck@youku.com,Female,98.50.79.116,463-49-5978
454,Orville Fone,Orville,Fone,ofonecl@alexa.com,Male,108.201.178.200,278-35-3308
455,Mallory Silcox,Mallory,Silcox,msilcoxcm@imageshack.us,Male,42.90.143.240,853-59-5776
456,Barty Clamp,Barty,Clamp,bclampcn@163.com,Male,251.202.204.43,133-10-6152
457,Thorstein Wells,Thorstein,Wells,twellsco@cloudflare.com,Male,113.178.159.113,869-53-3065
458,Romona Aleksashin,Romona,Aleksashin,raleksashincp@mayoclinic.com,Female,247.4.183.39,759-37-0890
459,Frieda Jersch,Frieda,Jersch,fjerschcq@microsoft.com,Female,145.17.186.10,180-09-2753
460,Shanie Oldacre,Shanie,Oldacre,soldacrecr@ca.gov,Female,32.5.33.44,607-98-7310
461,Marius Dumsday,Marius,Dumsday,mdumsdaycs@opera.com,Male,183.221.243.15,155-47-5644
462,Alexander Goschalk,Alexander,Goschalk,agoschalkct@senate.gov,Male,75.187.80.127,606-41-8770
463,Leticia Parkman,Leticia,Parkman,lparkmancu@weibo.com,Female,21.120.32.93,545-53-5344
464,Giordano Litherland,Giordano,Litherland,glitherlandcv@sphinn.com,Male,135.89.23.78,878-98-5647
465,Lodovico Liven,Lodovico,Liven,llivencw@elpais.com,Male,239.80.53.146,688-68-2077
466,Johanna Massimo,Johanna,Massimo,jmassimocx@wired.com,Female,34.59.206.73,712-11-5070
467,Robbyn Blood,Robbyn,Blood,rbloodcy@wisc.edu,Female,23.196.155.101,193-31-0338
468,Emmeline O'Glessane,Emmeline,O'Glessane,eoglessanecz@topsy.com,Female,245.12.131.20,477-59-9304
469,Hanna Ducker,Hanna,Ducker,hduckerd0@nsw.gov.au,Female,228.99.125.165,253-43-1109
470,Ringo Fordyce,Ringo,Fordyce,rfordyced1@blogger.com,Male,203.118.204.180,551-99-0330
471,Trudi Alster,Trudi,Alster,talsterd2@surveymonkey.com,Female,116.92.82.228,732-76-8148
472,Pasquale Bover,Pasquale,Bover,pboverd3@discuz.net,Male,76.77.144.82,272-47-4591
473,Saul Corhard,Saul,Corhard,scorhardd4@adobe.com,Male,33.193.99.170,327-49-3882
474,Finlay Casseldine,Finlay,Casseldine,fcasseldined5@hubpages.com,Male,185.183.241.7,317-79-7991
475,Robin Verecker,Robin,Verecker,rvereckerd6@trellian.com,Female,26.5.42.128,368-77-9460
476,Merwyn Abbie,Merwyn,Abbie,mabbied7@de.vu,Male,191.176.209.40,500-38-2989
477,Augustine Molineaux,Augustine,Molineaux,amolineauxd8@vistaprint.com,Female,213.91.108.191,537-58-8518
478,Florette Mitchinson,Florette,Mitchinson,fmitchinsond9@ebay.com,Female,197.162.165.36,869-34-8047
479,Amandy Klimkiewich,Amandy,Klimkiewich,aklimkiewichda@mtv.com,Female,148.91.206.74,357-57-2583
480,Ardys Merchant,Ardys,Merchant,amerchantdb@google.com.hk,Female,149.169.2.167,301-20-2381
481,Aubrey Center,Aubrey,Center,acenterdc@globo.com,Male,137.196.5.214,793-38-0012
482,Alikee Spybey,Alikee,Spybey,aspybeydd@mashable.com,Female,101.159.52.231,504-40-3007
483,Sharity Foxcroft,Sharity,Foxcroft,sfoxcroftde@seattletimes.com,Female,22.236.135.2,755-56-9706
484,Wolfgang Burkill,Wolfgang,Burkill,wburkilldf@oracle.com,Male,181.89.64.77,785-50-1048
485,Rebekah Chaffyn,Rebekah,Chaffyn,rchaffyndg@xinhuanet.com,Female,28.84.209.127,427-86-7656
486,Bevan Bletso,Bevan,Bletso,bbletsodh@e-recht24.de,Male,174.135.238.228,282-53-7528
487,Leanor Goodlad,Leanor,Goodlad,lgoodladdi@reverbnation.com,Female,35.220.102.9,799-07-4782
488,Darin Jouanet,Darin,Jouanet,djouanetdj@e-recht24.de,Male,236.133.127.1,680-45-0732
489,Terri Dumbrell,Terri,Dumbrell,tdumbrelldk@scientificamerican.com,Male,92.117.129.20,359-25-4352
490,Abigail Dacke,Abigail,Dacke,adackedl@privacy.gov.au,Female,37.253.132.211,185-51-7164
491,Silvano Tudor,Silvano,Tudor,studordm@google.cn,Male,148.210.65.206,125-79-5727
492,Torrey Dabnot,Torrey,Dabnot,tdabnotdn@mapquest.com,Male,81.76.173.186,717-51-2695
493,Irvin Pochin,Irvin,Pochin,ipochindo@meetup.com,Male,139.148.192.56,150-05-8991
494,Opaline Abramovic,Opaline,Abramovic,oabramovicdp@shinystat.com,Female,110.87.162.87,613-32-8317
495,Helene Perelli,Helene,Perelli,hperellidq@icq.com,Female,240.251.5.10,410-39-6134
496,Daile Hubbucks,Daile,Hubbucks,dhubbucksdr@marriott.com,Female,139.3.31.68,422-89-3488
497,Antone Vasile,Antone,Vasile,avasileds@prlog.org,Male,237.111.45.29,501-77-5737
498,Omero Quincee,Omero,Quincee,oquinceedt@gizmodo.com,Male,190.120.225.106,454-68-8184
499,Noelani Tricker,Noelani,Tricker,ntrickerdu@wsj.com,Female,238.70.137.189,439-70-6371
500,Erick Clout,Erick,Clout,ecloutdv@mediafire.com,Male,97.214.225.121,725-51-6052
501,Gran Lindwall,Gran,Lindwall,glindwalldw@miitbeian.gov.cn,Male,66.50.202.155,740-72-7736
502,Rhett Brotherhead,Rhett,Brotherhead,rbrotherheaddx@wikimedia.org,Male,85.52.70.102,278-23-9567
503,Evy Aldine,Evy,Aldine,ealdinedy@twitpic.com,Female,109.102.105.171,470-15-4812
504,Alexandr Luter,Alexandr,Luter,aluterdz@state.gov,Male,231.166.2.152,132-83-9246
505,Julee Gosson,Julee,Gosson,jgossone0@utexas.edu,Female,152.156.99.6,659-93-0398
506,Cayla Bellringer,Cayla,Bellringer,cbellringere1@blinklist.com,Female,92.149.178.247,695-18-2303
507,Veradis Habbin,Veradis,Habbin,vhabbine2@craigslist.org,Female,103.79.106.10,432-37-4822
508,Erhard De Maria,Erhard,De Maria,edee3@twitpic.com,Male,174.168.102.201,453-86-1231
509,Ive Venton,Ive,Venton,iventone4@i2i.jp,Male,100.123.0.60,497-25-9013
510,Ardisj Coleiro,Ardisj,Coleiro,acoleiroe5@weibo.com,Female,163.237.218.162,763-26-5070
511,Shayne Shama,Shayne,Shama,sshamae6@bluehost.com,Male,2.205.115.57,607-36-0874
512,Nicoline Nozzolinii,Nicoline,Nozzolinii,nnozzoliniie7@seesaa.net,Female,30.130.80.28,469-43-7162
513,Terrye Wabersinke,Terrye,Wabersinke,twabersinkee8@microsoft.com,Female,146.101.169.118,697-75-6100
514,Kendricks Hodgon,Kendricks,Hodgon,khodgone9@boston.com,Male,108.112.39.24,308-62-1981
515,Jacklin Busson,Jacklin,Busson,jbussonea@ovh.net,Female,129.94.20.67,330-60-5010
516,Moria Jahncke,Moria,Jahncke,mjahnckeeb@cnbc.com,Female,22.153.237.152,358-36-4271
517,Murvyn Leonida,Murvyn,Leonida,mleonidaec@photobucket.com,Male,42.171.164.151,617-41-9329
518,Olivette Boutton,Olivette,Boutton,obouttoned@nationalgeographic.com,Female,235.222.62.18,394-82-8924
519,Brandyn Lovell,Brandyn,Lovell,blovellee@apache.org,Male,175.206.105.79,780-61-8034
520,Idette Ollander,Idette,Ollander,iollanderef@shop-pro.jp,Female,198.47.202.160,171-08-1542
521,Agatha Faulkener,Agatha,Faulkener,afaulkenereg@columbia.edu,Female,194.139.108.138,769-39-6057
522,Aeriel Armsby,Aeriel,Armsby,aarmsbyeh@opensource.org,Female,109.112.162.22,497-09-8517
523,Worden Hutchens,Worden,Hutchens,whutchensei@pinterest.com,Male,241.196.49.26,232-39-6759
524,Mead Trahmel,Mead,Trahmel,mtrahmelej@linkedin.com,Male,17.73.162.131,364-55-7207
525,Shaun Emilien,Shaun,Emilien,semilienek@angelfire.com,Male,171.16.182.216,393-42-7681
526,Correy Mattingley,Correy,Mattingley,cmattingleyel@amazonaws.com,Female,36.89.102.248,159-04-7341
527,Willey Thrush,Willey,Thrush,wthrushem@ihg.com,Male,37.63.43.152,617-23-2963
528,Free Youdell,Free,Youdell,fyoudellen@1688.com,Male,143.156.2.27,469-53-1763
529,Meryl Crichton,Meryl,Crichton,mcrichtoneo@hp.com,Female,61.65.252.30,791-19-5599
530,Myles Mehew,Myles,Mehew,mmehewep@webmd.com,Male,155.118.25.160,616-44-1723
531,Wendall Collop,Wendall,Collop,wcollopeq@nationalgeographic.com,Male,194.120.108.253,286-04-3237
532,Hercule Beall,Hercule,Beall,hbealler@gnu.org,Male,3.50.68.4,506-18-5055
533,Fransisco Hyett,Fransisco,Hyett,fhyettes@independent.co.uk,Male,15.205.183.84,764-46-5966
534,Tabor Mazzeo,Tabor,Mazzeo,tmazzeoet@state.gov,Male,62.196.61.193,495-37-1372
535,Nana Ezzell,Nana,Ezzell,nezzelleu@jiathis.com,Female,107.135.65.104,168-01-6545
536,Christi Berre,Christi,Berre,cberreev@nsw.gov.au,Female,91.160.77.42,798-61-5955
537,Eldin Dingsdale,Eldin,Dingsdale,edingsdaleew@sciencedaily.com,Male,254.99.21.140,199-47-6522
538,Bruno Harragin,Bruno,Harragin,bharraginex@devhub.com,Male,202.130.63.87,756-47-5192
539,Augustina Smallpiece,Augustina,Smallpiece,asmallpieceey@parallels.com,Female,125.206.20.95,483-96-5770
540,Suzy Burleigh,Suzy,Burleigh,sburleighez@aol.com,Female,66.178.158.52,713-33-7962
541,Angelia McNiven,Angelia,McNiven,amcnivenf0@howstuffworks.com,Female,228.20.230.60,218-42-9186
542,Vanna Plessing,Vanna,Plessing,vplessingf1@typepad.com,Female,46.46.93.57,633-44-9517
543,Emmalynn Dewfall,Emmalynn,Dewfall,edewfallf2@topsy.com,Female,145.83.58.52,481-91-3789
544,Laurice Geoghegan,Laurice,Geoghegan,lgeogheganf3@buzzfeed.com,Female,122.77.152.140,668-53-2476
545,Falito Highman,Falito,Highman,fhighmanf4@google.com.br,Male,23.230.183.112,343-52-4845
546,Parry Hayball,Parry,Hayball,phayballf5@ask.com,Male,121.104.190.111,839-32-0188
547,Cally Josefovic,Cally,Josefovic,cjosefovicf6@ted.com,Female,186.183.125.154,772-81-5201
548,Marlo Shear,Marlo,Shear,mshearf7@php.net,Female,63.81.77.216,236-88-8030
549,Duffy Scoullar,Duffy,Scoullar,dscoullarf8@bizjournals.com,Male,190.133.219.172,478-29-3353
550,Steffie Grindlay,Steffie,Grindlay,sgrindlayf9@myspace.com,Female,182.3.70.82,735-29-8486
551,Ariel Hilley,Ariel,Hilley,ahilleyfa@symantec.com,Female,195.180.231.250,222-82-9213
552,Mei Kiossel,Mei,Kiossel,mkiosselfb@parallels.com,Female,121.184.253.181,746-04-5087
553,Worthington Wilds,Worthington,Wilds,wwildsfc@twitpic.com,Male,31.119.132.237,356-82-3900
554,Ignatius Clevely,Ignatius,Clevely,iclevelyfd@tiny.cc,Male,77.61.90.2,162-92-1562
555,Addie Lavalle,Addie,Lavalle,alavallefe@scientificamerican.com,Female,99.228.223.35,429-09-2363
556,Joyann Bamlett,Joyann,Bamlett,jbamlettff@hhs.gov,Female,125.205.23.211,844-57-1326
557,Barnett Warlton,Barnett,Warlton,bwarltonfg@nationalgeographic.com,Male,43.36.211.137,397-98-1416
558,Ronna Jozefowicz,Ronna,Jozefowicz,rjozefowiczfh@seesaa.net,Female,186.88.80.80,579-61-4494
559,Cyb Miquelet,Cyb,Miquelet,cmiqueletfi@google.cn,Female,253.179.29.85,772-35-5831
560,Barbee Garnett,Barbee,Garnett,bgarnettfj@zimbio.com,Female,83.125.226.50,334-17-5755
561,Giusto Darrigone,Giusto,Darrigone,gdarrigonefk@weather.com,Male,125.33.56.175,183-83-5397
562,Darryl Hew,Darryl,Hew,dhewfl@epa.gov,Male,152.165.103.102,763-05-3000
563,Man Lander,Man,Lander,mlanderfm@hc360.com,Male,233.180.231.41,750-28-4111
564,Paulie Tye,Paulie,Tye,ptyefn@yale.edu,Male,5.86.15.191,524-66-8231
565,Clarance Minton,Clarance,Minton,cmintonfo@princeton.edu,Male,20.113.19.148,640-79-7544
566,Duky Hummerston,Duky,Hummerston,dhummerstonfp@phpbb.com,Male,47.137.160.210,364-79-5256
567,Hastie Anstey,Hastie,Anstey,hansteyfq@furl.net,Male,171.135.194.110,889-60-9311
568,Nicolas Chinery,Nicolas,Chinery,nchineryfr@technorati.com,Male,234.46.230.43,228-31-5250
569,Roselin Headech,Roselin,Headech,rheadechfs@wsj.com,Female,151.152.23.49,586-17-3813
570,Paulina Myhan,Paulina,Myhan,pmyhanft@hhs.gov,Female,172.161.1.39,244-51-5471
571,Maighdiln Lawson,Maighdiln,Lawson,mlawsonfu@marketwatch.com,Female,97.212.248.127,152-45-5515
572,Emma Jina,Emma,Jina,ejinafv@blogtalkradio.com,Female,241.240.97.181,381-52-6600
573,Daile Dragon,Daile,Dragon,ddragonfw@ycombinator.com,Female,25.128.213.83,370-22-6014
574,Roxane Gaydon,Roxane,Gaydon,rgaydonfx@upenn.edu,Female,99.0.87.212,300-06-0997
575,Efrem Grenter,Efrem,Grenter,egrenterfy@ed.gov,Male,44.95.163.185,806-79-3146
576,Jerome Carmen,Jerome,Carmen,jcarmenfz@blogtalkradio.com,Male,95.14.102.228,477-62-8527
577,Stacee Dyne,Stacee,Dyne,sdyneg0@scientificamerican.com,Female,77.142.20.138,232-08-9938
578,Hamid Larimer,Hamid,Larimer,hlarimerg1@samsung.com,Male,90.85.51.186,663-19-7211
579,Randolph Goodin,Randolph,Goodin,rgooding2@privacy.gov.au,Male,60.227.26.132,739-44-9766
580,Titus Ourtic,Titus,Ourtic,tourticg3@mapy.cz,Male,135.29.65.61,607-81-5999
581,Melly Waterhowse,Melly,Waterhowse,mwaterhowseg4@cbc.ca,Female,35.190.53.138,862-07-2342
582,Yettie Blowing,Yettie,Blowing,yblowingg5@typepad.com,Female,31.61.104.56,193-56-2520
583,Karmen Kier,Karmen,Kier,kkierg6@cloudflare.com,Female,150.239.171.225,570-50-4578
584,Catharina Chrishop,Catharina,Chrishop,cchrishopg7@mit.edu,Female,214.68.61.70,223-01-4848
585,Rich Temperton,Rich,Temperton,rtempertong8@dailymail.co.uk,Male,201.218.104.90,882-15-4943
586,George Pinnijar,George,Pinnijar,gpinnijarg9@buzzfeed.com,Male,105.196.18.199,464-10-4881
587,Cam Ales0,Cam,Ales0,calesga@meetup.com,Male,238.203.200.168,258-74-8288
588,Arlan MacRannell,Arlan,MacRannell,amacrannellgb@tinyurl.com,Male,56.140.178.224,556-34-3265
589,Teodora Penbarthy,Teodora,Penbarthy,tpenbarthygc@lycos.com,Female,142.140.197.34,160-95-4669
590,Bili Gumbley,Bili,Gumbley,bgumbleygd@t-online.de,Female,21.20.95.206,332-87-9930
591,Teriann Kitchaside,Teriann,Kitchaside,tkitchasidege@parallels.com,Female,161.227.9.183,356-36-9688
592,Tamarra Wren,Tamarra,Wren,twrengf@odnoklassniki.ru,Female,103.3.245.246,587-88-3362
593,Vikki Lorkin,Vikki,Lorkin,vlorkingg@imdb.com,Female,202.81.97.216,401-42-5961
594,Bourke Sedwick,Bourke,Sedwick,bsedwickgh@typepad.com,Male,220.138.117.195,565-98-3913
595,Gabey Cusack,Gabey,Cusack,gcusackgi@homestead.com,Female,25.232.43.79,514-36-7068
596,Stesha Serjeant,Stesha,Serjeant,sserjeantgj@stanford.edu,Female,123.81.209.104,539-27-9013
597,Madelene Heselwood,Madelene,Heselwood,mheselwoodgk@admin.ch,Female,115.201.220.124,643-84-5007
598,Stacee Van Cassel,Stacee,Van Cassel,svangl@ovh.net,Male,101.86.250.64,203-20-3635
599,Albrecht Bromley,Albrecht,Bromley,abromleygm@zdnet.com,Male,226.146.186.43,780-95-5580
600,Lief Wilderspoon,Lief,Wilderspoon,lwilderspoongn@flavors.me,Male,92.58.243.82,383-96-7919
601,Levi O'Cannan,Levi,O'Cannan,locannango@sohu.com,Male,231.49.89.43,368-41-1295
602,Trenton Leece,Trenton,Leece,tleecegp@so-net.ne.jp,Male,87.9.225.194,142-92-3473
603,Ezekiel Skirrow,Ezekiel,Skirrow,eskirrowgq@joomla.org,Male,248.12.46.177,655-04-0032
604,Cortney Inchboard,Cortney,Inchboard,cinchboardgr@w3.org,Female,182.91.235.109,599-08-8943
605,Penrod Cockrill,Penrod,Cockrill,pcockrillgs@51.la,Male,100.202.110.21,130-53-3955
606,Michell Minithorpe,Michell,Minithorpe,mminithorpegt@prweb.com,Female,217.184.143.34,431-73-5918
607,Tarra Dibden,Tarra,Dibden,tdibdengu@toplist.cz,Female,147.75.32.132,579-06-1099
608,Kristo Coucha,Kristo,Coucha,kcouchagv@amazon.co.jp,Male,221.60.42.128,678-95-2232
609,Callie Warburton,Callie,Warburton,cwarburtongw@eepurl.com,Female,198.72.159.78,645-24-0777
610,Ches Theriot,Ches,Theriot,ctheriotgx@nytimes.com,Male,36.41.212.3,848-24-8414
611,Marty Kilshall,Marty,Kilshall,mkilshallgy@amazon.co.jp,Male,177.52.153.18,465-08-1261
612,Base McElwee,Base,McElwee,bmcelweegz@liveinternet.ru,Male,48.16.238.191,649-88-5903
613,Germain Stitcher,Germain,Stitcher,gstitcherh0@seesaa.net,Male,128.83.117.14,725-41-7765
614,Katharyn Conachie,Katharyn,Conachie,kconachieh1@earthlink.net,Female,207.26.79.41,715-60-1606
615,Aguistin Gligoraci,Aguistin,Gligoraci,agligoracih2@sitemeter.com,Male,132.37.31.217,492-12-4515
616,Archie Postlewhite,Archie,Postlewhite,apostlewhiteh3@abc.net.au,Male,33.218.126.11,886-44-1992
617,Linet Godly,Linet,Godly,lgodlyh4@latimes.com,Female,15.27.216.145,867-60-6872
618,Orion Riggeard,Orion,Riggeard,origgeardh5@google.cn,Male,27.128.216.142,589-72-2478
619,Putnam Skellon,Putnam,Skellon,pskellonh6@go.com,Male,18.183.222.23,662-72-9885
620,Eleanor Illing,Eleanor,Illing,eillingh7@hp.com,Female,141.40.57.225,623-67-4263
621,Morie Normant,Morie,Normant,mnormanth8@moonfruit.com,Male,164.20.227.107,354-40-6871
622,Gae Baggaley,Gae,Baggaley,gbaggaleyh9@shop-pro.jp,Female,207.206.15.62,240-18-4786
623,Rossy Lacroutz,Rossy,Lacroutz,rlacroutzha@jigsy.com,Male,79.31.70.75,548-94-0393
624,Donaugh Gillise,Donaugh,Gillise,dgillisehb@youtube.com,Male,187.75.126.13,662-90-4385
625,Bryn Poncet,Bryn,Poncet,bponcethc@yelp.com,Male,42.198.168.211,442-72-0677
626,Mercedes Pizzey,Mercedes,Pizzey,mpizzeyhd@godaddy.com,Female,238.179.64.246,118-82-0816
627,Dan Rollings,Dan,Rollings,drollingshe@simplemachines.org,Male,113.155.142.71,595-23-3309
628,Abeu Ruthen,Abeu,Ruthen,aruthenhf@jugem.jp,Male,101.47.240.160,390-62-5523
629,Sly Lippitt,Sly,Lippitt,slippitthg@army.mil,Male,105.109.143.224,486-87-2902
630,Alvera Mossop,Alvera,Mossop,amossophh@unblog.fr,Female,37.219.185.44,503-77-2811
631,Franny Townend,Franny,Townend,ftownendhi@wix.com,Male,72.7.5.99,309-75-5424
632,Margette Hawsby,Margette,Hawsby,mhawsbyhj@epa.gov,Female,166.229.178.111,817-61-6449
633,Murielle Itscovitz,Murielle,Itscovitz,mitscovitzhk@clickbank.net,Female,137.97.208.69,798-05-7135
634,Jaine Maldin,Jaine,Maldin,jmaldinhl@gov.uk,Female,159.241.100.106,439-13-1446
635,Luci Yegoshin,Luci,Yegoshin,lyegoshinhm@cbc.ca,Female,214.146.144.90,318-73-3414
636,Lynn Bartoletti,Lynn,Bartoletti,lbartolettihn@mit.edu,Male,127.96.17.239,181-54-2012
637,Van Ogles,Van,Ogles,voglesho@storify.com,Male,97.161.200.199,478-28-3040
638,Der Piatek,Der,Piatek,dpiatekhp@desdev.cn,Male,193.29.113.186,709-14-3474
639,Raviv Willoughley,Raviv,Willoughley,rwilloughleyhq@list-manage.com,Male,148.181.104.131,358-47-8523
640,Gardie Ettridge,Gardie,Ettridge,gettridgehr@godaddy.com,Male,90.222.115.189,131-87-8157
641,Cathryn Randal,Cathryn,Randal,crandalhs@xinhuanet.com,Female,192.207.148.4,835-49-8759
642,Auguste Crutchfield,Auguste,Crutchfield,acrutchfieldht@list-manage.com,Female,145.16.105.196,517-99-3464
643,Mathias Cherm,Mathias,Cherm,mchermhu@ebay.co.uk,Male,242.12.233.97,452-66-4402
644,Brenden Riddell,Brenden,Riddell,briddellhv@apple.com,Male,146.80.189.66,545-90-6652
645,Arlin Hafford,Arlin,Hafford,ahaffordhw@ning.com,Male,219.200.100.201,269-81-0479
646,Duke Billany,Duke,Billany,dbillanyhx@google.de,Male,1.227.96.228,895-17-8713
647,Abie Lethem,Abie,Lethem,alethemhy@constantcontact.com,Male,112.187.155.68,674-97-7045
648,Lewiss McKinless,Lewiss,McKinless,lmckinlesshz@miitbeian.gov.cn,Male,166.90.40.109,564-27-1032
649,Demetri Mousby,Demetri,Mousby,dmousbyi0@newyorker.com,Male,14.81.215.195,149-14-4440
650,Bax Iacovacci,Bax,Iacovacci,biacovaccii1@sitemeter.com,Male,102.135.177.176,806-47-7735
651,Berne Whitmore,Berne,Whitmore,bwhitmorei2@mediafire.com,Male,214.181.24.80,656-80-8221
652,Iorgo Lemasney,Iorgo,Lemasney,ilemasneyi3@foxnews.com,Male,254.120.4.128,633-88-2337
653,Rossy Akehurst,Rossy,Akehurst,rakehursti4@naver.com,Male,40.26.157.240,172-03-1798
654,Cicely Gillinghams,Cicely,Gillinghams,cgillinghamsi5@nps.gov,Female,104.148.247.175,490-14-1793
655,Denni Celier,Denni,Celier,dcelieri6@comcast.net,Female,103.15.113.184,638-46-5747
656,Bran Dorning,Bran,Dorning,bdorningi7@ask.com,Male,204.67.1.57,133-56-4261
657,Danyelle Sammes,Danyelle,Sammes,dsammesi8@seesaa.net,Female,139.6.187.54,364-63-2407
658,Constancia Colvin,Constancia,Colvin,ccolvini9@webmd.com,Female,211.89.75.70,198-25-4852
659,Deborah Dyball,Deborah,Dyball,ddyballia@plala.or.jp,Female,132.246.65.72,810-54-0815
660,Carma McNelis,Carma,McNelis,cmcnelisib@mediafire.com,Female,199.252.254.169,344-50-1303
661,Livy Vanyakin,Livy,Vanyakin,lvanyakinic@alexa.com,Female,145.191.143.45,256-44-9580
662,Rebekah Chasmoor,Rebekah,Chasmoor,rchasmoorid@posterous.com,Female,164.123.109.124,532-07-3767
663,Niki Forbes,Niki,Forbes,nforbesie@ameblo.jp,Male,97.77.100.66,367-71-5990
664,Lindy Chave,Lindy,Chave,lchaveif@fc2.com,Male,119.94.74.106,712-18-5534
665,Henri Blakelock,Henri,Blakelock,hblakelockig@goodreads.com,Male,115.212.13.227,139-79-4150
666,Hollis Spivie,Hollis,Spivie,hspivieih@icio.us,Male,40.43.247.29,186-25-1147
667,Zed Walkden,Zed,Walkden,zwalkdenii@last.fm,Male,117.226.113.11,803-72-1569
668,Cherianne Norrey,Cherianne,Norrey,cnorreyij@baidu.com,Female,137.46.242.146,672-81-2153
669,Erasmus Boddie,Erasmus,Boddie,eboddieik@barnesandnoble.com,Male,32.78.103.111,283-53-8903
670,Holmes Koschke,Holmes,Koschke,hkoschkeil@un.org,Male,12.168.150.115,170-91-7328
671,Allister Coalbran,Allister,Coalbran,acoalbranim@macromedia.com,Male,108.233.56.50,801-76-8171
672,Siegfried Bottoms,Siegfried,Bottoms,sbottomsin@booking.com,Male,217.111.151.168,748-19-8400
673,Sansone Perez,Sansone,Perez,sperezio@fema.gov,Male,254.121.230.104,863-77-2378
674,Lesly Kingswell,Lesly,Kingswell,lkingswellip@360.cn,Female,107.7.40.77,259-78-1865
675,Floria Wreight,Floria,Wreight,fwreightiq@nih.gov,Female,244.109.200.212,571-21-2028
676,Parke Dubarry,Parke,Dubarry,pdubarryir@examiner.com,Male,172.32.77.233,754-82-3657
677,Thorny Plues,Thorny,Plues,tpluesis@about.com,Male,78.149.61.131,455-91-7034
678,Lazarus McCarly,Lazarus,McCarly,lmccarlyit@ucla.edu,Male,152.109.187.101,240-44-4720
679,Carolyne Marchelli,Carolyne,Marchelli,cmarchelliiu@github.io,Female,210.125.196.147,506-18-2420
680,Sib Raigatt,Sib,Raigatt,sraigattiv@bizjournals.com,Female,193.206.153.5,559-87-3567
681,Lewie Warren,Lewie,Warren,lwarreniw@timesonline.co.uk,Male,136.233.140.253,523-53-0631
682,Nerte Totterdell,Nerte,Totterdell,ntotterdellix@hc360.com,Female,43.250.247.158,503-86-0282
683,Denny Tytcomb,Denny,Tytcomb,dtytcombiy@weibo.com,Male,133.38.190.119,641-76-2667
684,Cristie Dearlove,Cristie,Dearlove,cdearloveiz@webeden.co.uk,Female,47.79.255.18,255-88-6245
685,Jerrome Kearley,Jerrome,Kearley,jkearleyj0@miibeian.gov.cn,Male,240.211.208.26,697-01-0700
686,Parker Brangan,Parker,Brangan,pbranganj1@ustream.tv,Male,175.224.181.218,875-40-8816
687,Quinn Kondratowicz,Quinn,Kondratowicz,qkondratowiczj2@yolasite.com,Female,23.27.98.216,849-50-1553
688,Gussie O'Hogertie,Gussie,O'Hogertie,gohogertiej3@abc.net.au,Female,166.101.119.161,735-23-3378
689,Celia Hemphall,Celia,Hemphall,chemphallj4@stumbleupon.com,Female,57.252.108.199,692-31-4464
690,Dorothee MacKintosh,Dorothee,MacKintosh,dmackintoshj5@tripod.com,Female,86.52.173.161,840-50-5600
691,Zelig O'Sherin,Zelig,O'Sherin,zosherinj6@google.es,Male,1.13.191.115,266-05-8762
692,Theadora Krzyzaniak,Theadora,Krzyzaniak,tkrzyzaniakj7@scribd.com,Female,151.148.39.232,492-01-3285
693,Jard Milburne,Jard,Milburne,jmilburnej8@zimbio.com,Male,157.42.65.68,240-37-1010
694,Joeann Katzmann,Joeann,Katzmann,jkatzmannj9@360.cn,Female,117.55.222.25,265-65-9186
695,Luisa Valde,Luisa,Valde,lvaldeja@wufoo.com,Female,143.117.217.247,782-18-8566
696,Krissie Prescote,Krissie,Prescote,kprescotejb@webmd.com,Female,192.10.54.93,148-92-8176
697,Evy Ruddoch,Evy,Ruddoch,eruddochjc@forbes.com,Female,32.205.39.169,179-56-2413
698,Aksel Ledingham,Aksel,Ledingham,aledinghamjd@google.com.au,Male,251.233.93.224,753-89-7017
699,Torrey MacGuiness,Torrey,MacGuiness,tmacguinessje@mac.com,Male,115.247.77.2,628-65-7284
700,Kimble Marlor,Kimble,Marlor,kmarlorjf@usda.gov,Male,68.162.192.21,449-49-0810
701,Laryssa Meiningen,Laryssa,Meiningen,lmeiningenjg@gov.uk,Female,111.21.226.103,401-59-2035
702,Van Narrie,Van,Narrie,vnarriejh@hostgator.com,Female,131.44.105.19,486-15-7112
703,Felix Pennings,Felix,Pennings,fpenningsji@goo.ne.jp,Male,86.93.58.130,242-20-8557
704,Nicolai Abatelli,Nicolai,Abatelli,nabatellijj@cam.ac.uk,Male,135.241.42.110,414-15-3573
705,Gweneth Pawnsford,Gweneth,Pawnsford,gpawnsfordjk@opera.com,Female,41.95.166.164,691-96-4980
706,Lamar Paybody,Lamar,Paybody,lpaybodyjl@narod.ru,Male,251.1.107.227,155-55-8484
707,Bria Caltun,Bria,Caltun,bcaltunjm@nationalgeographic.com,Female,155.145.203.213,596-77-4472
708,Charin de Juares,Charin,de Juares,cdejn@ocn.ne.jp,Female,128.3.108.234,863-68-4329
709,Chere Malbon,Chere,Malbon,cmalbonjo@example.com,Female,125.4.132.76,503-99-3424
710,Maurizia Drust,Maurizia,Drust,mdrustjp@cmu.edu,Female,205.194.251.24,345-36-6342
711,Cammie Fortey,Cammie,Fortey,cforteyjq@themeforest.net,Female,168.199.77.106,854-87-4064
712,Leigh Heigold,Leigh,Heigold,lheigoldjr@discuz.net,Female,217.200.68.230,891-83-8345
713,Jacklin Bowne,Jacklin,Bowne,jbownejs@freewebs.com,Female,105.221.43.110,465-12-4962
714,Cris MacConnechie,Cris,MacConnechie,cmacconnechiejt@google.nl,Male,57.43.181.197,535-64-0369
715,Claudianus Peotz,Claudianus,Peotz,cpeotzju@paypal.com,Male,204.228.181.103,657-13-0204
716,Lissi Farfalameev,Lissi,Farfalameev,lfarfalameevjv@alibaba.com,Female,243.5.28.110,509-93-7201
717,Harmonia Stefanovic,Harmonia,Stefanovic,hstefanovicjw@fc2.com,Female,135.34.226.148,458-35-6968
718,Lexy Iveans,Lexy,Iveans,liveansjx@devhub.com,Female,212.64.169.9,204-93-2876
719,Ilka Scarrott,Ilka,Scarrott,iscarrottjy@wunderground.com,Female,54.60.16.246,570-30-1536
720,Wynn Gostling,Wynn,Gostling,wgostlingjz@prlog.org,Male,12.103.68.153,416-75-9707
721,Lorine Tomblings,Lorine,Tomblings,ltomblingsk0@senate.gov,Female,61.181.33.198,119-02-5819
722,Diena Baxstare,Diena,Baxstare,dbaxstarek1@photobucket.com,Female,195.219.71.63,410-64-1132
723,Dorthy Staggs,Dorthy,Staggs,dstaggsk2@google.co.uk,Female,28.224.36.71,209-09-1066
724,Adel Ebbutt,Adel,Ebbutt,aebbuttk3@techcrunch.com,Female,35.23.43.242,338-92-3939
725,Carma Bing,Carma,Bing,cbingk4@businessweek.com,Female,117.141.31.129,625-81-3232
726,Dougy Magnar,Dougy,Magnar,dmagnark5@biglobe.ne.jp,Male,228.77.235.109,100-65-9161
727,Doll Chace,Doll,Chace,dchacek6@networksolutions.com,Female,80.220.161.135,778-99-6921
728,Adria Ferney,Adria,Ferney,aferneyk7@dailymail.co.uk,Female,38.252.200.222,583-19-4406
729,Shantee Readshall,Shantee,Readshall,sreadshallk8@smh.com.au,Female,184.253.109.57,198-90-4285
730,Hilario Claque,Hilario,Claque,hclaquek9@seesaa.net,Male,8.227.230.105,385-89-5200
731,Ahmad Hustler,Ahmad,Hustler,ahustlerka@prweb.com,Male,188.14.141.48,249-20-4140
732,Jody Bellefonte,Jody,Bellefonte,jbellefontekb@washington.edu,Female,233.81.217.119,239-79-1215
733,Pepi Stillgoe,Pepi,Stillgoe,pstillgoekc@so-net.ne.jp,Female,101.143.112.79,633-34-4522
734,Stephannie Stevani,Stephannie,Stevani,sstevanikd@google.de,Female,86.10.33.210,189-06-7181
735,Shanan Gocher,Shanan,Gocher,sgocherke@biblegateway.com,Male,22.206.220.234,640-46-1851
736,Clarine Otto,Clarine,Otto,cottokf@yellowbook.com,Female,230.42.40.45,345-06-9979
737,Gabe Pool,Gabe,Pool,gpoolkg@spotify.com,Male,205.194.250.246,604-54-1184
738,Allissa Mayling,Allissa,Mayling,amaylingkh@wisc.edu,Female,231.237.116.77,543-99-5092
739,Brocky Dudeney,Brocky,Dudeney,bdudeneyki@gmpg.org,Male,223.141.103.190,427-76-6755
740,Kellie Delete,Kellie,Delete,kdeletekj@angelfire.com,Female,245.240.41.218,159-19-2965
741,Shelby Roseblade,Shelby,Roseblade,srosebladekk@gmpg.org,Female,85.112.144.88,197-16-6136
742,Jonis Yeoman,Jonis,Yeoman,jyeomankl@tuttocitta.it,Female,176.160.147.64,774-48-6743
743,Corenda Alkin,Corenda,Alkin,calkinkm@amazon.de,Female,74.233.162.235,869-64-9953
744,Harmonia Flinders,Harmonia,Flinders,hflinderskn@jugem.jp,Female,161.203.201.170,494-97-4024
745,Gibbie Bibb,Gibbie,Bibb,gbibbko@sakura.ne.jp,Male,202.11.99.183,155-03-5081
746,Audi Shephard,Audi,Shephard,ashephardkp@google.de,Female,132.15.61.252,142-37-6502
747,Lennard Gretham,Lennard,Gretham,lgrethamkq@icio.us,Male,109.236.141.87,542-75-4408
748,Renado De Launde,Renado,De Launde,rdekr@psu.edu,Male,25.40.135.66,679-47-3915
749,Kalindi Moylane,Kalindi,Moylane,kmoylaneks@indiegogo.com,Female,60.248.119.155,180-14-4334
750,Olympie Frere,Olympie,Frere,ofrerekt@bandcamp.com,Female,131.29.56.119,476-48-2665
751,Zak Kinnane,Zak,Kinnane,zkinnaneku@guardian.co.uk,Male,199.145.68.220,763-86-9073
752,Quillan Byer,Quillan,Byer,qbyerkv@rakuten.co.jp,Male,239.7.197.106,269-06-8965
753,Margie De Courtney,Margie,De Courtney,mdekw@europa.eu,Female,33.149.129.213,371-02-6722
754,Howey O'Sculley,Howey,O'Sculley,hosculleykx@chicagotribune.com,Male,184.178.118.86,276-79-1384
755,Geoffry Burgott,Geoffry,Burgott,gburgottky@mac.com,Male,61.253.137.176,270-49-3793
756,Lisetta Twentyman,Lisetta,Twentyman,ltwentymankz@wired.com,Female,12.148.208.143,753-26-9636
757,Elaine Clawsley,Elaine,Clawsley,eclawsleyl0@soup.io,Female,40.41.46.165,544-76-9682
758,Sella Mansford,Sella,Mansford,smansfordl1@latimes.com,Female,233.26.110.170,174-48-0081
759,Winne Whithalgh,Winne,Whithalgh,wwhithalghl2@w3.org,Female,22.70.74.40,874-88-8778
760,Gordie Maior,Gordie,Maior,gmaiorl3@instagram.com,Male,87.156.197.210,182-60-6135
761,Raf Ratke,Raf,Ratke,rratkel4@cbc.ca,Female,193.169.182.62,844-01-5355
762,Allyce Matches,Allyce,Matches,amatchesl5@opera.com,Female,147.233.115.159,479-89-3776
763,Merlina Pimlott,Merlina,Pimlott,mpimlottl6@taobao.com,Female,120.238.71.112,654-20-2751
764,Easter Tetsall,Easter,Tetsall,etetsalll7@umich.edu,Female,71.19.109.216,555-17-2756
765,Cathleen Cranna,Cathleen,Cranna,ccrannal8@sitemeter.com,Female,45.81.129.177,452-42-3612
766,Maud Dawidowsky,Maud,Dawidowsky,mdawidowskyl9@mapy.cz,Female,211.156.244.159,743-16-0061
767,Stanly Jones,Stanly,Jones,sjonesla@seesaa.net,Male,50.12.196.17,484-74-1394
768,Caria Casbolt,Caria,Casbolt,ccasboltlb@epa.gov,Female,81.107.154.156,158-23-2329
769,Coletta Hibbart,Coletta,Hibbart,chibbartlc@macromedia.com,Female,236.226.97.33,378-27-0221
770,Mendel Drowsfield,Mendel,Drowsfield,mdrowsfieldld@mozilla.com,Male,112.157.163.28,320-85-0411
771,Pryce Billany,Pryce,Billany,pbillanyle@dell.com,Male,120.11.179.7,687-02-3396
772,Sebastiano Luna,Sebastiano,Luna,slunalf@icio.us,Male,69.148.2.57,182-20-0894
773,Mellicent Oda,Mellicent,Oda,modalg@addtoany.com,Female,154.164.174.199,850-04-3287
774,Daryle Cecely,Daryle,Cecely,dcecelylh@ox.ac.uk,Male,93.87.240.143,367-99-8338
775,Dani Chatwood,Dani,Chatwood,dchatwoodli@nymag.com,Female,22.27.64.133,715-58-6749
776,Chancey Graalmans,Chancey,Graalmans,cgraalmanslj@github.com,Male,247.207.64.210,744-70-3228
777,Bernard Tearney,Bernard,Tearney,btearneylk@jimdo.com,Male,40.186.24.147,321-91-1199
778,Sigismondo Tortis,Sigismondo,Tortis,stortisll@webs.com,Male,233.193.104.16,622-87-1934
779,Kerwinn Bangiard,Kerwinn,Bangiard,kbangiardlm@networkadvertising.org,Male,47.217.141.158,270-02-2629
780,Aggi Castiglioni,Aggi,Castiglioni,acastiglioniln@newsvine.com,Female,28.179.115.228,761-65-9721
781,Ernst Ingram,Ernst,Ingram,eingramlo@ocn.ne.jp,Male,9.204.116.95,389-95-9045
782,Clarie Benes,Clarie,Benes,cbeneslp@odnoklassniki.ru,Female,216.25.2.125,341-53-8711
783,Osmund Bloy,Osmund,Bloy,obloylq@tinypic.com,Male,190.195.235.172,853-83-1285
784,Glen Allridge,Glen,Allridge,gallridgelr@usatoday.com,Female,69.121.112.42,757-79-5758
785,Regan Kupisz,Regan,Kupisz,rkupiszls@sciencedaily.com,Male,122.14.177.105,167-18-9169
786,Godfry Gatcliff,Godfry,Gatcliff,ggatclifflt@flavors.me,Male,140.174.150.238,810-37-1469
787,Waylan Durtnal,Waylan,Durtnal,wdurtnallu@posterous.com,Male,101.117.3.91,199-83-4523
788,Bernetta Howel,Bernetta,Howel,bhowellv@bbb.org,Female,219.94.76.240,302-29-7392
789,Sherlocke Laffling,Sherlocke,Laffling,slafflinglw@indiegogo.com,Male,141.9.177.116,365-99-8437
790,Dion Daily,Dion,Daily,ddailylx@mapquest.com,Male,79.4.61.193,132-90-5656
791,Henrieta Fried,Henrieta,Fried,hfriedly@npr.org,Female,8.84.248.107,811-92-8245
792,Bennie Chatel,Bennie,Chatel,bchatellz@amazon.co.uk,Female,30.236.44.28,752-45-6382
793,Farr Stendell,Farr,Stendell,fstendellm0@geocities.jp,Male,177.119.225.127,673-47-6312
794,Burgess Colquyte,Burgess,Colquyte,bcolquytem1@ycombinator.com,Male,85.65.86.135,212-04-5005
795,Susana Weine,Susana,Weine,sweinem2@nhs.uk,Female,68.37.144.188,837-96-2267
796,Ephrem Bannerman,Ephrem,Bannerman,ebannermanm3@amazon.com,Male,120.122.94.35,446-19-0001
797,Daniele Antoszczyk,Daniele,Antoszczyk,dantoszczykm4@marketwatch.com,Female,148.115.183.111,120-79-3261
798,Marge Craddock,Marge,Craddock,mcraddockm5@bizjournals.com,Female,100.46.55.245,570-62-1359
799,Matias Widdowes,Matias,Widdowes,mwiddowesm6@yolasite.com,Male,62.180.117.218,282-69-4775
800,Herbert Baldree,Herbert,Baldree,hbaldreem7@bbb.org,Male,216.22.54.181,854-36-6155
801,Brnaby Fancott,Brnaby,Fancott,bfancottm8@google.com,Male,158.7.119.18,269-92-0566
802,Andee Pigott,Andee,Pigott,apigottm9@house.gov,Female,90.47.61.99,460-32-3694
803,Chicky Stuer,Chicky,Stuer,cstuerma@artisteer.com,Male,199.153.5.118,572-09-1707
804,Dixie O'Neil,Dixie,O'Neil,doneilmb@opera.com,Female,173.243.224.40,895-93-9260
805,Lars Birdsey,Lars,Birdsey,lbirdseymc@google.co.uk,Male,159.156.155.233,182-96-4198
806,Georgena Sisson,Georgena,Sisson,gsissonmd@ed.gov,Female,139.119.103.40,431-94-6780
807,Gregory Levay,Gregory,Levay,glevayme@eepurl.com,Male,142.61.192.78,710-47-1168
808,Gavin Yarranton,Gavin,Yarranton,gyarrantonmf@issuu.com,Male,117.16.89.147,139-95-2212
809,Irv Messier,Irv,Messier,imessiermg@tmall.com,Male,97.100.69.50,228-26-6498
810,Vicky Sloyan,Vicky,Sloyan,vsloyanmh@imgur.com,Female,222.212.198.147,783-27-7569
811,Garrott Matthisson,Garrott,Matthisson,gmatthissonmi@unblog.fr,Male,137.5.225.228,118-33-3902
812,Leeann Kaplin,Leeann,Kaplin,lkaplinmj@ehow.com,Female,240.68.114.36,540-72-6349
813,Thorin Leaning,Thorin,Leaning,tleaningmk@google.co.uk,Male,67.52.187.135,123-27-9502
814,Shae Parres,Shae,Parres,sparresml@linkedin.com,Female,77.102.135.149,106-56-3812
815,Vasily Burgise,Vasily,Burgise,vburgisemm@washington.edu,Male,99.199.246.110,221-88-4044
816,Allianora Bagley,Allianora,Bagley,abagleymn@narod.ru,Female,142.226.239.183,378-35-7073
817,Janka Prinnett,Janka,Prinnett,jprinnettmo@exblog.jp,Female,27.128.67.7,772-94-0982
818,Gilli Connichie,Gilli,Connichie,gconnichiemp@plala.or.jp,Female,90.32.177.60,743-01-8227
819,Mab Kernock,Mab,Kernock,mkernockmq@wikispaces.com,Female,103.181.112.118,722-93-0389
820,Naomi Dytham,Naomi,Dytham,ndythammr@adobe.com,Female,0.127.119.66,435-50-8633
821,Carley Lawland,Carley,Lawland,clawlandms@friendfeed.com,Female,248.29.130.119,389-29-9563
822,Mendie Bogace,Mendie,Bogace,mbogacemt@wiley.com,Male,199.255.231.124,803-34-7612
823,Theodosia Hayfield,Theodosia,Hayfield,thayfieldmu@google.com.au,Female,107.247.23.164,199-94-7171
824,Lev Tofano,Lev,Tofano,ltofanomv@nhs.uk,Male,118.0.10.174,408-21-9123
825,Camella Getten,Camella,Getten,cgettenmw@ihg.com,Female,222.194.2.198,424-57-1423
826,Martelle Maliffe,Martelle,Maliffe,mmaliffemx@surveymonkey.com,Female,100.208.149.133,721-68-9265
827,Fabian Gurney,Fabian,Gurney,fgurneymy@bloomberg.com,Male,192.11.201.30,294-37-4298
828,Stephanus Stracey,Stephanus,Stracey,sstraceymz@geocities.com,Male,236.242.146.116,691-60-7933
829,Kelly Rodwell,Kelly,Rodwell,krodwelln0@networksolutions.com,Male,63.252.157.37,591-13-7398
830,Edi Gidney,Edi,Gidney,egidneyn1@naver.com,Female,96.164.215.241,359-34-7422
831,Susana Crowley,Susana,Crowley,scrowleyn2@friendfeed.com,Female,201.13.230.206,121-21-8326
832,Ellene Bifield,Ellene,Bifield,ebifieldn3@huffingtonpost.com,Female,109.46.168.97,328-55-0761
833,Patin Whybrow,Patin,Whybrow,pwhybrown4@admin.ch,Male,30.16.79.102,444-31-4031
834,Ambrose Arrow,Ambrose,Arrow,aarrown5@fda.gov,Male,183.124.61.111,858-24-8352
835,Clayborne Zahor,Clayborne,Zahor,czahorn6@simplemachines.org,Male,30.141.104.208,284-96-1775
836,Mozelle Chavez,Mozelle,Chavez,mchavezn7@pbs.org,Female,30.215.203.56,344-50-7927
837,Neile Pedracci,Neile,Pedracci,npedraccin8@wunderground.com,Female,142.39.98.176,308-44-8872
838,Ynes Pratty,Ynes,Pratty,yprattyn9@mlb.com,Female,254.157.170.179,884-23-0111
839,Elia Walczak,Elia,Walczak,ewalczakna@freewebs.com,Male,114.52.110.174,580-06-0174
840,Christian Pointer,Christian,Pointer,cpointernb@sun.com,Female,205.32.140.76,419-58-0549
841,Weylin Littleton,Weylin,Littleton,wlittletonnc@census.gov,Male,6.3.177.40,784-10-7175
842,Arty Warbrick,Arty,Warbrick,awarbricknd@cnet.com,Male,234.8.166.254,135-65-1799
843,Henriette Culmer,Henriette,Culmer,hculmerne@ftc.gov,Female,78.19.28.70,695-49-0376
844,Lu Lamblot,Lu,Lamblot,llamblotnf@cdc.gov,Female,184.149.93.228,420-35-9327
845,Lorain Guilfoyle,Lorain,Guilfoyle,lguilfoyleng@harvard.edu,Female,105.131.180.30,726-99-6282
846,Genvieve Elldred,Genvieve,Elldred,gelldrednh@github.com,Female,229.30.25.106,363-81-7211
847,Amity Shovlar,Amity,Shovlar,ashovlarni@weebly.com,Female,16.80.151.41,898-20-4410
848,Esmeralda Prestedge,Esmeralda,Prestedge,eprestedgenj@devhub.com,Female,54.103.251.189,460-89-1411
849,Pietra Symonds,Pietra,Symonds,psymondsnk@jiathis.com,Female,226.227.216.58,481-33-9517
850,Harley Powland,Harley,Powland,hpowlandnl@bigcartel.com,Female,5.132.135.150,398-09-7995
851,Lazarus Guillerman,Lazarus,Guillerman,lguillermannm@sohu.com,Male,58.61.217.53,372-34-5824
852,Romonda Cotgrove,Romonda,Cotgrove,rcotgrovenn@feedburner.com,Female,217.161.71.111,855-31-3457
853,Oberon Riehm,Oberon,Riehm,oriehmno@etsy.com,Male,161.251.26.105,209-86-7490
854,Kayla Beever,Kayla,Beever,kbeevernp@unc.edu,Female,231.201.209.148,103-06-4692
855,Druci Stenton,Druci,Stenton,dstentonnq@wsj.com,Female,11.91.134.24,571-61-7276
856,Chilton Goulter,Chilton,Goulter,cgoulternr@twitpic.com,Male,218.146.209.45,421-99-5368
857,Sela Simonazzi,Sela,Simonazzi,ssimonazzins@angelfire.com,Female,247.97.18.116,763-83-3244
858,Lexine Collimore,Lexine,Collimore,lcollimorent@t-online.de,Female,106.245.201.46,465-35-5551
859,Arturo Brightman,Arturo,Brightman,abrightmannu@lycos.com,Male,123.72.173.154,797-91-6849
860,Herbert Collett,Herbert,Collett,hcollettnv@marketwatch.com,Male,230.43.28.87,231-56-4204
861,Tove Macquire,Tove,Macquire,tmacquirenw@youtu.be,Female,170.80.185.96,250-62-2541
862,Derwin Winkworth,Derwin,Winkworth,dwinkworthnx@uiuc.edu,Male,1.62.111.85,302-27-9472
863,Hermine Witherdon,Hermine,Witherdon,hwitherdonny@hostgator.com,Female,142.59.238.75,529-57-9899
864,Marnie Comelini,Marnie,Comelini,mcomelininz@qq.com,Female,47.54.203.254,468-06-3810
865,Jedd Duckering,Jedd,Duckering,jduckeringo0@biglobe.ne.jp,Male,170.188.104.94,454-82-4889
866,Sunny Dower,Sunny,Dower,sdowero1@nasa.gov,Female,49.149.152.61,306-19-7887
867,Warren Archambault,Warren,Archambault,warchambaulto2@symantec.com,Male,62.83.170.230,141-55-3726
868,Millicent Castagne,Millicent,Castagne,mcastagneo3@skyrock.com,Female,222.156.184.25,662-15-9035
869,Mayne Tortice,Mayne,Tortice,mtorticeo4@youtu.be,Male,228.231.56.174,460-17-2076
870,Christi Brixey,Christi,Brixey,cbrixeyo5@stanford.edu,Female,225.47.120.123,553-57-4026
871,Merill Carlyle,Merill,Carlyle,mcarlyleo6@ibm.com,Male,69.222.5.44,790-44-4884
872,Curr Grinsdale,Curr,Grinsdale,cgrinsdaleo7@stanford.edu,Male,49.152.198.5,227-23-5360
873,Rem Orcas,Rem,Orcas,rorcaso8@latimes.com,Male,182.42.147.99,608-44-3063
874,Zed Leeds,Zed,Leeds,zleedso9@cam.ac.uk,Male,112.199.208.166,279-20-0097
875,Finn Verden,Finn,Verden,fverdenoa@chronoengine.com,Male,211.43.207.213,722-50-2550
876,Alli Bounde,Alli,Bounde,aboundeob@un.org,Female,100.197.133.54,842-31-1710
877,Vonnie Franke,Vonnie,Franke,vfrankeoc@gnu.org,Female,22.177.108.107,604-52-4458
878,Vasilis Coole,Vasilis,Coole,vcooleod@ifeng.com,Male,103.167.198.175,150-93-0753
879,Tasia Gruszecki,Tasia,Gruszecki,tgruszeckioe@ebay.com,Female,83.30.205.157,870-97-8270
880,Zarah Slane,Zarah,Slane,zslaneof@hc360.com,Female,254.219.43.242,484-11-6820
881,Ronnie Boggs,Ronnie,Boggs,rboggsog@mysql.com,Male,87.145.42.243,758-76-9056
882,Padgett Mulberry,Padgett,Mulberry,pmulberryoh@forbes.com,Male,94.26.69.19,392-76-3593
883,Alard McClosh,Alard,McClosh,amccloshoi@oaic.gov.au,Male,224.7.161.12,365-81-7887
884,Laura Mayze,Laura,Mayze,lmayzeoj@boston.com,Female,117.75.243.127,616-77-7740
885,Dur Dowker,Dur,Dowker,ddowkerok@myspace.com,Male,45.39.174.148,834-90-4583
886,Cassaundra Rodliff,Cassaundra,Rodliff,crodliffol@patch.com,Female,100.0.218.54,237-02-7399
887,Nicoli Corkitt,Nicoli,Corkitt,ncorkittom@hexun.com,Female,143.134.22.93,595-26-0920
888,Richy McTerrelly,Richy,McTerrelly,rmcterrellyon@t.co,Male,114.211.9.88,484-41-5397
889,Hazel Bomb,Hazel,Bomb,hbomboo@barnesandnoble.com,Male,239.228.135.159,711-73-7795
890,Simmonds Greaves,Simmonds,Greaves,sgreavesop@baidu.com,Male,96.50.52.34,523-69-6884
891,Shellysheldon Downgate,Shellysheldon,Downgate,sdowngateoq@mysql.com,Male,79.248.8.168,301-26-4592
892,Hildagarde Thebe,Hildagarde,Thebe,hthebeor@nasa.gov,Female,77.172.248.149,622-60-2019
893,Anderson Snibson,Anderson,Snibson,asnibsonos@fotki.com,Male,196.162.13.69,795-16-5648
894,Hilly McMorran,Hilly,McMorran,hmcmorranot@uiuc.edu,Male,190.8.8.140,124-04-0469
895,Dela Kenyam,Dela,Kenyam,dkenyamou@tripadvisor.com,Female,61.247.55.36,828-05-4910
896,Wilton Casford,Wilton,Casford,wcasfordov@sohu.com,Male,182.58.98.129,479-34-3997
897,Bastien Fetherstone,Bastien,Fetherstone,bfetherstoneow@livejournal.com,Male,180.224.16.142,105-81-3054
898,Alan Sutlieff,Alan,Sutlieff,asutlieffox@4shared.com,Male,3.144.70.118,632-67-7285
899,Merrili Rocco,Merrili,Rocco,mroccooy@nsw.gov.au,Female,242.204.82.174,484-42-8903
900,Marlie Oleshunin,Marlie,Oleshunin,moleshuninoz@senate.gov,Female,166.120.39.226,304-05-7904
901,Bev Brassill,Bev,Brassill,bbrassillp0@washington.edu,Male,73.191.48.180,136-63-7542
902,Sher Balmann,Sher,Balmann,sbalmannp1@bing.com,Female,1.79.206.63,607-88-0486
903,Gerty Guyan,Gerty,Guyan,gguyanp2@huffingtonpost.com,Female,164.173.82.35,624-60-8318
904,Pall Tallon,Pall,Tallon,ptallonp3@ycombinator.com,Male,65.107.62.166,293-94-5909
905,Walther California,Walther,California,wcaliforniap4@economist.com,Male,24.61.191.191,336-18-7256
906,Agustin Fevers,Agustin,Fevers,afeversp5@gov.uk,Male,73.129.204.47,836-79-1660
907,Erek Erskine Sandys,Erek,Erskine Sandys,eerskinep6@vinaora.com,Male,77.35.169.128,301-76-4683
908,Corly Haacker,Corly,Haacker,chaackerp7@behance.net,Female,194.215.59.71,570-96-1379
909,Dennis Cardinale,Dennis,Cardinale,dcardinalep8@house.gov,Male,76.29.12.14,134-83-6972
910,Ludvig Jambrozek,Ludvig,Jambrozek,ljambrozekp9@booking.com,Male,69.26.26.79,629-07-2192
911,Blancha Bernath,Blancha,Bernath,bbernathpa@yahoo.co.jp,Female,139.134.172.144,754-67-1695
912,Jerrilyn Piolli,Jerrilyn,Piolli,jpiollipb@yahoo.com,Female,12.92.221.44,331-78-6815
913,Devinne Zohrer,Devinne,Zohrer,dzohrerpc@icq.com,Female,174.105.228.117,341-71-7360
914,Scarlet Stubs,Scarlet,Stubs,sstubspd@ca.gov,Female,0.128.133.192,572-39-8696
915,Heriberto Lamartine,Heriberto,Lamartine,hlamartinepe@umn.edu,Male,201.89.211.124,134-19-3569
916,Felizio Tacon,Felizio,Tacon,ftaconpf@list-manage.com,Male,112.70.28.156,738-66-0340
917,Murielle Lanfer,Murielle,Lanfer,mlanferpg@cisco.com,Female,58.4.228.127,578-12-9103
918,Selene Lorie,Selene,Lorie,slorieph@china.com.cn,Female,35.56.176.78,126-52-9263
919,Zelig Klempke,Zelig,Klempke,zklempkepi@cnet.com,Male,241.225.137.253,777-18-7393
920,Chrissy Oganesian,Chrissy,Oganesian,coganesianpj@simplemachines.org,Male,151.209.188.194,378-04-2349
921,Roderich Berrill,Roderich,Berrill,rberrillpk@ameblo.jp,Male,157.191.59.244,169-09-8972
922,Alberik Rearie,Alberik,Rearie,areariepl@cbsnews.com,Male,148.161.160.8,619-33-5104
923,Lief Ashwood,Lief,Ashwood,lashwoodpm@ow.ly,Male,212.162.20.105,335-98-0805
924,Axe Ashman,Axe,Ashman,aashmanpn@altervista.org,Male,234.46.35.35,494-35-0613
925,Katine List,Katine,List,klistpo@house.gov,Female,12.237.2.135,448-16-8188
926,Ardisj Karlsen,Ardisj,Karlsen,akarlsenpp@zdnet.com,Female,215.221.105.235,804-32-0199
927,Lavina Sellens,Lavina,Sellens,lsellenspq@tripod.com,Female,244.142.194.156,889-88-4263
928,Winifred Imlach,Winifred,Imlach,wimlachpr@wiley.com,Female,110.193.16.119,309-08-4189
929,Leland Gosswell,Leland,Gosswell,lgosswellps@php.net,Male,140.121.232.141,812-42-7016
930,Gerrilee Glendzer,Gerrilee,Glendzer,gglendzerpt@msu.edu,Female,144.106.14.195,765-24-5948
931,Alexina Startin,Alexina,Startin,astartinpu@networksolutions.com,Female,109.9.92.55,367-50-8793
932,Sandie Ashman,Sandie,Ashman,sashmanpv@china.com.cn,Female,191.168.25.75,776-58-1576
933,Jacky Lesurf,Jacky,Lesurf,jlesurfpw@engadget.com,Female,84.6.46.84,899-91-8176
934,Barbabra Rambadt,Barbabra,Rambadt,brambadtpx@naver.com,Female,230.177.69.213,332-80-2024
935,Anica Vossgen,Anica,Vossgen,avossgenpy@google.pl,Female,76.60.252.119,117-06-7713
936,Davin Mickleborough,Davin,Mickleborough,dmickleboroughpz@twitpic.com,Male,12.7.87.113,237-05-5788
937,Fin Hopkins,Fin,Hopkins,fhopkinsq0@cmu.edu,Male,217.206.44.212,154-51-9278
938,Rollins Kemp,Rollins,Kemp,rkempq1@dagondesign.com,Male,71.184.167.74,355-87-1881
939,Parrnell Jelks,Parrnell,Jelks,pjelksq2@theguardian.com,Male,236.30.234.221,762-31-5317
940,Eachelle Walicki,Eachelle,Walicki,ewalickiq3@irs.gov,Female,124.140.118.163,511-64-5816
941,Welch Sarath,Welch,Sarath,wsarathq4@instagram.com,Male,2.81.159.75,316-71-2778
942,Therine Innes,Therine,Innes,tinnesq5@dell.com,Female,195.252.19.155,863-35-4661
943,Sheilah Butting,Sheilah,Butting,sbuttingq6@unicef.org,Female,33.63.153.173,219-48-1454
944,Ulrick Gilluley,Ulrick,Gilluley,ugilluleyq7@desdev.cn,Male,181.84.153.36,565-01-8336
945,Jamima Huckstepp,Jamima,Huckstepp,jhucksteppq8@bloomberg.com,Female,46.187.127.207,806-48-0215
946,Moritz Blunn,Moritz,Blunn,mblunnq9@privacy.gov.au,Male,240.223.255.122,678-41-7847
947,Erl Braker,Erl,Braker,ebrakerqa@cdbaby.com,Male,30.1.156.117,255-70-7059
948,Ivory Boldison,Ivory,Boldison,iboldisonqb@alibaba.com,Female,31.68.144.245,467-36-1388
949,Stillmann Zanolli,Stillmann,Zanolli,szanolliqc@webnode.com,Male,30.50.23.97,124-83-5937
950,Lawton Hammerich,Lawton,Hammerich,lhammerichqd@hao123.com,Male,21.214.1.98,316-26-1815
951,Jessica Stoneley,Jessica,Stoneley,jstoneleyqe@nsw.gov.au,Female,155.220.219.13,169-56-2475
952,Victor Primett,Victor,Primett,vprimettqf@sun.com,Male,168.29.208.163,516-43-3976
953,Killy Browncey,Killy,Browncey,kbrownceyqg@ucoz.com,Male,85.255.238.200,431-61-6941
954,Jens Toller,Jens,Toller,jtollerqh@washingtonpost.com,Male,39.46.171.154,345-72-1413
955,Jonell Deacon,Jonell,Deacon,jdeaconqi@guardian.co.uk,Female,178.193.234.91,648-58-3223
956,Dougie Stonhewer,Dougie,Stonhewer,dstonhewerqj@paginegialle.it,Male,164.162.41.173,383-28-4377
957,Kayley Petrelli,Kayley,Petrelli,kpetrelliqk@stumbleupon.com,Female,35.37.228.195,230-93-9810
958,Ofilia Gowers,Ofilia,Gowers,ogowersql@archive.org,Female,15.167.22.128,434-77-8725
959,Micheil Rowbottom,Micheil,Rowbottom,mrowbottomqm@census.gov,Male,20.215.66.231,571-72-0145
960,Lucho Chimienti,Lucho,Chimienti,lchimientiqn@cpanel.net,Male,169.165.44.190,857-73-7939
961,Orelia Stiddard,Orelia,Stiddard,ostiddardqo@reverbnation.com,Female,78.18.248.212,762-69-2895
962,Cindra Hertwell,Cindra,Hertwell,chertwellqp@delicious.com,Female,242.24.123.177,579-31-6455
963,Alanson Danielsky,Alanson,Danielsky,adanielskyqq@facebook.com,Male,123.184.186.99,769-83-6389
964,Carey Incogna,Carey,Incogna,cincognaqr@macromedia.com,Male,183.205.89.247,373-85-6807
965,Dar Cyster,Dar,Cyster,dcysterqs@infoseek.co.jp,Male,86.101.25.204,622-20-7064
966,Randolf Sprowell,Randolf,Sprowell,rsprowellqt@shareasale.com,Male,90.220.25.64,434-32-9328
967,Cash Duligall,Cash,Duligall,cduligallqu@hugedomains.com,Male,230.55.108.116,257-67-2909
968,Alan Bargery,Alan,Bargery,abargeryqv@naver.com,Male,210.227.109.115,113-71-8487
969,Damita Corps,Damita,Corps,dcorpsqw@oracle.com,Female,253.125.158.135,355-61-4297
970,Kay Nockles,Kay,Nockles,knocklesqx@opera.com,Female,84.102.162.45,543-10-2393
971,Kimble Kehoe,Kimble,Kehoe,kkehoeqy@hibu.com,Male,9.253.142.249,566-05-4769
972,Monty Putterill,Monty,Putterill,mputterillqz@icq.com,Male,215.37.97.37,389-51-8221
973,Blanca Rogerson,Blanca,Rogerson,brogersonr0@engadget.com,Female,49.77.198.103,786-58-3561
974,Shaughn Phateplace,Shaughn,Phateplace,sphateplacer1@cdc.gov,Male,35.139.85.6,474-85-5003
975,Ira Klesel,Ira,Klesel,ikleselr2@bbb.org,Male,227.142.244.32,201-21-9920
976,Mignon Kennerley,Mignon,Kennerley,mkennerleyr3@redcross.org,Female,139.195.111.68,827-91-1565
977,Dasie Glanders,Dasie,Glanders,dglandersr4@fema.gov,Female,215.106.206.120,334-60-5094
978,Corina Reeders,Corina,Reeders,creedersr5@trellian.com,Female,145.133.66.54,354-83-7654
979,Findley Gimblet,Findley,Gimblet,fgimbletr6@princeton.edu,Male,151.200.23.88,629-34-9179
980,Aili Fessier,Aili,Fessier,afessierr7@miitbeian.gov.cn,Female,16.150.28.107,239-73-1491
981,Lesley Undrill,Lesley,Undrill,lundrillr8@abc.net.au,Female,254.113.119.149,365-02-3279
982,Valentin Enrietto,Valentin,Enrietto,venriettor9@nydailynews.com,Male,32.150.71.210,571-91-5299
983,Emili Knapper,Emili,Knapper,eknapperra@chronoengine.com,Female,120.186.248.198,496-58-9255
984,Alf Gian,Alf,Gian,agianrb@cbsnews.com,Male,75.18.242.64,415-85-7704
985,Jami Grundle,Jami,Grundle,jgrundlerc@devhub.com,Female,209.214.118.123,358-79-5965
986,Wilbert Walhedd,Wilbert,Walhedd,wwalheddrd@bing.com,Male,232.48.88.3,267-60-2730
987,Emmerich Stockle,Emmerich,Stockle,estocklere@pagesperso-orange.fr,Male,108.221.64.180,871-28-0336
988,Colin Shortland,Colin,Shortland,cshortlandrf@bandcamp.com,Male,90.126.105.248,789-73-9213
989,Annemarie Le Noir,Annemarie,Le Noir,alerg@theguardian.com,Female,65.120.121.121,589-46-2469
990,Sherwin Schuricht,Sherwin,Schuricht,sschurichtrh@huffingtonpost.com,Male,94.136.142.234,671-17-7363
991,Dian Berndsen,Dian,Berndsen,dberndsenri@apple.com,Female,201.222.128.83,751-43-8332
992,Nannie Harrinson,Nannie,Harrinson,nharrinsonrj@nhs.uk,Female,26.175.52.8,479-65-8672
993,Kristo Choppen,Kristo,Choppen,kchoppenrk@1688.com,Male,71.94.72.118,634-65-4020
994,Harriet Arlt,Harriet,Arlt,harltrl@live.com,Female,141.89.249.34,845-91-8940
995,Vin Birnie,Vin,Birnie,vbirnierm@cbsnews.com,Male,213.220.113.29,475-48-9636
996,Ripley Russam,Ripley,Russam,rrussamrn@cpanel.net,Male,166.138.65.150,198-58-6174
997,Harwell Leatham,Harwell,Leatham,hleathamro@apple.com,Male,201.44.115.249,474-88-9825
998,Ulrick Rouse,Ulrick,Rouse,urouserp@nifty.com,Male,211.176.173.194,498-80-1809
999,Hube Stather,Hube,Stather,hstatherrq@google.it,Male,156.15.92.185,630-95-9972
1000,Launce Clinch,Launce,Clinch,lclinchrr@twitpic.com,Male,193.19.163.123,843-72-0496
